{"id":605080,"name":"Chiss","type":null,"entry":null,"created_at":"2024-01-21T05:06:51.000000Z","updated_at":"2024-01-21T05:06:51.000000Z","is_private":0,"is_extinct":0,"race_id":null,"entity":{"id":5663464,"entity_id":605080,"type_id":9,"name":"Chiss","is_private":0,"tooltip":null,"is_template":null,"is_attributes_private":0,"focus_x":null,"focus_y":null,"created_at":"2024-01-21T05:06:51.000000Z","updated_at":"2024-01-21T05:06:51.000000Z","created_by":115714,"updated_by":null,"image_path":null,"image_uuid":null,"header_image":null,"header_uuid":null,"marketplace_uuid":null},"pivotLocations":[]}