{"id":625018,"campaign_id":233607,"name":"Duros","type":null,"slug":"duros","entry":null,"is_private":0,"created_at":"2024-02-21T23:28:55.000000Z","updated_at":"2024-02-21T23:28:55.000000Z","created_by":null,"updated_by":null,"race_id":null,"deleted_at":null,"entity":{"id":5814085,"entity_id":625018,"type_id":9,"name":"Duros","is_private":0,"tooltip":null,"is_template":null,"is_attributes_private":0,"focus_x":null,"focus_y":null,"created_at":"2024-02-21T23:28:55.000000Z","updated_at":"2024-02-21T23:28:55.000000Z","created_by":115714,"updated_by":null,"image_path":null,"image_uuid":null,"header_image":null,"header_uuid":null,"marketplace_uuid":null},"pivot_locations":[],"pivotLocations":[]}