{"id":605959,"campaign_id":233607,"name":"Gand","type":null,"slug":"gand","entry":null,"is_private":0,"created_at":"2024-01-22T05:23:28.000000Z","updated_at":"2024-01-22T05:23:28.000000Z","created_by":null,"updated_by":null,"race_id":null,"deleted_at":null,"entity":{"id":5668733,"entity_id":605959,"type_id":9,"name":"Gand","is_private":0,"tooltip":null,"is_template":null,"is_attributes_private":0,"focus_x":null,"focus_y":null,"created_at":"2024-01-22T05:23:28.000000Z","updated_at":"2024-01-22T05:23:28.000000Z","created_by":115714,"updated_by":null,"image_path":null,"image_uuid":null,"header_image":null,"header_uuid":null,"marketplace_uuid":null},"pivot_locations":[],"pivotLocations":[]}