{"id":605097,"campaign_id":233607,"name":"Trandoshan","type":null,"slug":"trandoshan","entry":null,"is_private":0,"created_at":"2024-01-21T06:06:09.000000Z","updated_at":"2024-01-21T06:06:09.000000Z","created_by":null,"updated_by":null,"race_id":null,"deleted_at":null,"entity":{"id":5663600,"entity_id":605097,"type_id":9,"name":"Trandoshan","is_private":0,"tooltip":null,"is_template":null,"is_attributes_private":0,"focus_x":null,"focus_y":null,"created_at":"2024-01-21T06:06:09.000000Z","updated_at":"2024-01-21T06:06:09.000000Z","created_by":115714,"updated_by":null,"image_path":null,"image_uuid":null,"header_image":null,"header_uuid":null,"marketplace_uuid":null},"pivot_locations":[],"pivotLocations":[]}