{"id":605098,"campaign_id":233607,"name":"Verpine","type":null,"slug":"verpine","entry":null,"is_private":0,"created_at":"2024-01-21T06:08:14.000000Z","updated_at":"2024-01-21T06:08:14.000000Z","created_by":null,"updated_by":null,"race_id":null,"deleted_at":null,"entity":{"id":5663605,"entity_id":605098,"type_id":9,"name":"Verpine","is_private":0,"tooltip":null,"is_template":null,"is_attributes_private":0,"focus_x":null,"focus_y":null,"created_at":"2024-01-21T06:08:14.000000Z","updated_at":"2024-01-21T06:08:14.000000Z","created_by":115714,"updated_by":null,"image_path":null,"image_uuid":null,"header_image":null,"header_uuid":null,"marketplace_uuid":null},"pivot_locations":[],"pivotLocations":[]}