{"id":1435519,"name":"Aldair Tallon","slug":"aldairtallon","campaign_id":233607,"entry":"","age":null,"sex":null,"pronouns":null,"created_at":"2024-01-20T06:14:45.000000Z","updated_at":"2024-02-08T18:55:55.000000Z","location_id":1284877,"title":null,"family_id":null,"is_private":0,"is_personality_visible":1,"type":"NPC","is_dead":0,"race_id":null,"deleted_at":null,"is_personality_pinned":0,"is_appearance_pinned":0,"entity":{"id":5658517,"entity_id":1435519,"type_id":1,"name":"Aldair Tallon","is_private":0,"tooltip":null,"is_template":null,"is_attributes_private":0,"focus_x":null,"focus_y":null,"created_at":"2024-01-20T06:14:45.000000Z","updated_at":"2024-02-08T18:55:55.000000Z","created_by":115714,"updated_by":115714,"image_path":null,"image_uuid":null,"header_image":null,"header_uuid":null,"marketplace_uuid":null,"relationships":[{"id":575700,"owner_id":5658517,"target_id":5658518,"relation":"Friend","visibility_id":1,"mirror_id":575701,"attitude":null,"is_pinned":0,"colour":"","marketplace_uuid":null},{"id":575703,"owner_id":5658517,"target_id":5658519,"relation":"Friend","visibility_id":1,"mirror_id":575702,"attitude":null,"is_pinned":0,"colour":"","marketplace_uuid":null},{"id":575705,"owner_id":5658517,"target_id":5658521,"relation":"Former colleague","visibility_id":1,"mirror_id":575704,"attitude":null,"is_pinned":0,"colour":"","marketplace_uuid":null}]},"character_traits":[],"character_families":[],"character_races":[{"id":675866,"character_id":1435519,"race_id":605093,"created_at":null,"updated_at":null}],"organisation_memberships":[],"characterTraits":[],"characterFamilies":[],"characterRaces":[{"id":675866,"character_id":1435519,"race_id":605093,"created_at":null,"updated_at":null}],"organisationMemberships":[]}