{"id":1608425,"name":"Frix Nant","campaign_id":233607,"entry":"<p>Bookeeper for [character:6098836]<\/p>","age":"38","sex":"Male","pronouns":null,"created_at":"2024-06-17T17:09:55.000000Z","updated_at":"2024-06-17T17:10:56.000000Z","location_id":1373557,"title":null,"family_id":null,"is_private":0,"is_personality_visible":1,"type":"NPC","is_dead":0,"race_id":null,"deleted_at":null,"is_personality_pinned":0,"is_appearance_pinned":0,"entity":{"id":6339935,"entity_id":1608425,"type_id":1,"name":"Frix Nant","is_private":0,"tooltip":null,"is_template":null,"is_attributes_private":0,"focus_x":null,"focus_y":null,"created_at":"2024-06-17T17:09:55.000000Z","updated_at":"2024-06-17T17:10:56.000000Z","created_by":115714,"updated_by":null,"image_path":null,"image_uuid":null,"header_image":null,"header_uuid":null,"marketplace_uuid":null,"mentions":[{"entity_id":6339935,"campaign_id":null,"post_id":null,"timeline_element_id":null,"quest_element_id":null,"target_id":6098836}]},"character_traits":[],"character_families":[],"character_races":[{"id":735302,"character_id":1608425,"race_id":684464,"created_at":null,"updated_at":null,"is_private":0,"race":{"id":684464,"name":"Nautolan","is_private":0,"entity":{"id":6339937,"name":"Nautolan","entity_id":684464,"type_id":9}}}],"organisation_memberships":[],"characterTraits":[],"characterFamilies":[],"characterRaces":[{"id":735302,"character_id":1608425,"race_id":684464,"created_at":null,"updated_at":null,"is_private":0,"race":{"id":684464,"name":"Nautolan","is_private":0,"entity":{"id":6339937,"name":"Nautolan","entity_id":684464,"type_id":9}}}],"organisationMemberships":[]}