{"id":1435540,"name":"Kayson","slug":"kayson","campaign_id":233607,"entry":"","age":null,"sex":null,"pronouns":null,"created_at":"2024-01-20T06:42:50.000000Z","updated_at":"2024-01-21T06:06:55.000000Z","location_id":1284890,"title":null,"family_id":null,"is_private":0,"is_personality_visible":1,"type":"NPC","is_dead":0,"race_id":null,"deleted_at":null,"is_personality_pinned":0,"is_appearance_pinned":0,"entity":{"id":5658556,"entity_id":1435540,"type_id":1,"name":"Kayson","is_private":0,"tooltip":null,"is_template":null,"is_attributes_private":0,"focus_x":null,"focus_y":null,"created_at":"2024-01-20T06:42:50.000000Z","updated_at":"2024-01-21T06:06:55.000000Z","created_by":115714,"updated_by":115714,"image_path":null,"image_uuid":null,"header_image":null,"header_uuid":null,"marketplace_uuid":null},"character_traits":[],"character_families":[],"character_races":[{"id":658398,"character_id":1435540,"race_id":605090,"created_at":null,"updated_at":null},{"id":675868,"character_id":1435540,"race_id":605093,"created_at":null,"updated_at":null}],"organisation_memberships":[],"characterTraits":[],"characterFamilies":[],"characterRaces":[{"id":658398,"character_id":1435540,"race_id":605090,"created_at":null,"updated_at":null},{"id":675868,"character_id":1435540,"race_id":605093,"created_at":null,"updated_at":null}],"organisationMemberships":[]}