{"id":1436630,"name":"Krix Zalor","campaign_id":233607,"entry":"<p>Gambler in [location:5658546]\u00a0that [character:5663490]\u00a0won big against.<\/p>","age":null,"sex":"Male","pronouns":null,"created_at":"2024-01-21T06:01:21.000000Z","updated_at":"2024-01-21T06:02:09.000000Z","location_id":1284877,"title":null,"family_id":null,"is_private":0,"is_personality_visible":1,"type":"NPC","is_dead":0,"race_id":null,"deleted_at":null,"is_personality_pinned":0,"is_appearance_pinned":0,"entity":{"id":5663580,"entity_id":1436630,"type_id":1,"name":"Krix Zalor","is_private":0,"tooltip":null,"is_template":null,"is_attributes_private":0,"focus_x":null,"focus_y":null,"created_at":"2024-01-21T06:01:21.000000Z","updated_at":"2024-01-21T06:02:09.000000Z","created_by":115714,"updated_by":115714,"image_path":null,"image_uuid":null,"header_image":null,"header_uuid":null,"marketplace_uuid":null,"mentions":[{"entity_id":5663580,"campaign_id":null,"post_id":null,"timeline_element_id":null,"quest_element_id":null,"target_id":5658546},{"entity_id":5663580,"campaign_id":null,"post_id":null,"timeline_element_id":null,"quest_element_id":null,"target_id":5663490}]},"character_traits":[],"character_families":[],"character_races":[{"id":658388,"character_id":1436630,"race_id":605088,"created_at":null,"updated_at":null,"is_private":0,"race":{"id":605088,"name":"Devaronian","is_private":0,"entity":{"id":5663582,"name":"Devaronian","entity_id":605088,"type_id":9}}}],"organisation_memberships":[],"characterTraits":[],"characterFamilies":[],"characterRaces":[{"id":658388,"character_id":1436630,"race_id":605088,"created_at":null,"updated_at":null,"is_private":0,"race":{"id":605088,"name":"Devaronian","is_private":0,"entity":{"id":5663582,"name":"Devaronian","entity_id":605088,"type_id":9}}}],"organisationMemberships":[]}