{"id":1602797,"name":"Lyra Vane","campaign_id":233607,"entry":"<p>Lyra Vane is a striking young woman with the same red hair as her sister Elia, though hers is often styled in loose waves that frame her face. Her green eyes, a mirror image of Elia\u2019s, are bright and expressive, showing both resilience and fear. Lyra is of medium height, with a slender build. She typically wears practical, simple clothing suited to her modest lifestyle on Corellia.<\/p><h3>Background<\/h3><h4>Early Life<\/h4><p>Lyra Vane grew up alongside her older sister Elia on Corellia. The two were inseparable during their childhood, often exploring the bustling shipyards and urban centers of their home planet. While Elia was drawn to engineering and mechanics, Lyra pursued a different path, finding her passion in education and helping others.<\/p><h4>Education and Career<\/h4><p>Lyra excelled in her studies, showing a particular talent for languages and communication. After completing her education, she became a teacher at a local school in Coronet City, where she dedicated herself to educating and mentoring young students. Her kind and nurturing nature made her a beloved figure in the community.<\/p><h4>Connection to Elia<\/h4><p>The bond between the sisters remained strong despite their different career paths. [character:6318731] often confided in Lyra about her work at [organisation:6318739] and the ethical dilemmas she faced. When Elia was forced to flee Corellia, she left Lyra behind, believing it would keep her safe from the corporation\u2019s reach.<\/p><h4>Hostage Situation<\/h4><p>Unfortunately, Corthon Dynamics discovered Lyra\u2019s connection to Elia and decided to use her as leverage. The rival faction working for Corthon Dynamics captured Lyra, keeping her as a hostage to ensure Elia\u2019s compliance in their schemes. They threatened her safety to coerce Elia into skimming credits from Zorba the Hutt\u2019s accounts.<\/p><h4>Current Situation<\/h4><p>Lyra is being held in a secure facility on Nar Shaddaa, guarded by enforcers of the rival faction. Despite the fear and uncertainty, she remains hopeful that Elia will find a way to rescue her. Lyra\u2019s intelligence and resilience have helped her endure the captivity, but the constant threat to her life weighs heavily on her.<\/p>","age":"20","sex":"Female","pronouns":null,"created_at":"2024-06-13T21:39:33.000000Z","updated_at":"2024-06-13T21:40:22.000000Z","location_id":1373557,"title":null,"family_id":null,"is_private":0,"is_personality_visible":1,"type":"NPC","is_dead":0,"race_id":null,"deleted_at":null,"is_personality_pinned":0,"is_appearance_pinned":0,"entity":{"id":6318751,"entity_id":1602797,"type_id":1,"name":"Lyra Vane","is_private":0,"tooltip":null,"is_template":null,"is_attributes_private":0,"focus_x":null,"focus_y":null,"created_at":"2024-06-13T21:39:33.000000Z","updated_at":"2024-06-13T21:40:22.000000Z","created_by":115714,"updated_by":115714,"image_path":null,"image_uuid":null,"header_image":null,"header_uuid":null,"marketplace_uuid":null,"mentions":[{"entity_id":6318751,"campaign_id":null,"post_id":null,"timeline_element_id":null,"quest_element_id":null,"target_id":6318731},{"entity_id":6318751,"campaign_id":null,"post_id":null,"timeline_element_id":null,"quest_element_id":null,"target_id":6318739}]},"character_traits":[],"character_families":[{"id":288161,"character_id":1602797,"family_id":173680,"created_at":null,"updated_at":null,"is_private":0,"family":{"id":173680,"name":"Vane","is_private":0,"entity":{"id":6318744,"name":"Vane","entity_id":173680,"type_id":2}}}],"character_races":[{"id":733223,"character_id":1602797,"race_id":605093,"created_at":null,"updated_at":null,"is_private":0,"race":{"id":605093,"name":"Human","is_private":0,"entity":{"id":5663590,"name":"Human","entity_id":605093,"type_id":9}}}],"organisation_memberships":[],"characterTraits":[],"characterFamilies":[{"character_id":1602797,"family_id":173680}],"characterRaces":[{"id":733223,"character_id":1602797,"race_id":605093,"created_at":null,"updated_at":null,"is_private":0,"race":{"id":605093,"name":"Human","is_private":0,"entity":{"id":5663590,"name":"Human","entity_id":605093,"type_id":9}}}],"organisationMemberships":[]}