{"id":1435522,"name":"Quist","campaign_id":233607,"entry":"<p>Looking to betray [character:5658517]\u00a0at the first opportunity after having been caught and threatened by separatist factions. Bargained for his life.<\/p>","age":null,"sex":null,"pronouns":null,"created_at":"2024-01-20T06:15:23.000000Z","updated_at":"2024-01-22T18:42:40.000000Z","location_id":1284877,"title":null,"family_id":null,"is_private":0,"is_personality_visible":1,"type":"NPC","is_dead":0,"race_id":null,"deleted_at":null,"is_personality_pinned":0,"is_appearance_pinned":0,"entity":{"id":5658521,"entity_id":1435522,"type_id":1,"name":"Quist","is_private":0,"tooltip":null,"is_template":null,"is_attributes_private":0,"focus_x":null,"focus_y":null,"created_at":"2024-01-20T06:15:23.000000Z","updated_at":"2024-01-22T18:42:40.000000Z","created_by":115714,"updated_by":115714,"image_path":null,"image_uuid":null,"header_image":null,"header_uuid":null,"marketplace_uuid":null,"relationships":[{"id":575704,"owner_id":5658521,"target_id":5658517,"relation":"Former colleague","visibility_id":1,"mirror_id":575705,"attitude":null,"is_pinned":0,"colour":"","marketplace_uuid":null}],"mentions":[{"entity_id":5658521,"campaign_id":null,"post_id":null,"timeline_element_id":null,"quest_element_id":null,"target_id":5658517}]},"character_traits":[],"character_families":[],"character_races":[{"id":659568,"character_id":1435522,"race_id":605093,"created_at":null,"updated_at":null,"is_private":0,"race":{"id":605093,"name":"Human","is_private":0,"entity":{"id":5663590,"name":"Human","entity_id":605093,"type_id":9}}}],"organisation_memberships":[],"characterTraits":[],"characterFamilies":[],"characterRaces":[{"id":659568,"character_id":1435522,"race_id":605093,"created_at":null,"updated_at":null,"is_private":0,"race":{"id":605093,"name":"Human","is_private":0,"entity":{"id":5663590,"name":"Human","entity_id":605093,"type_id":9}}}],"organisationMemberships":[]}