{"id":1604239,"name":"Ri'jek","campaign_id":233607,"entry":"<p>[character:5663490]'s follower<\/p><p><span>Ri'jek is a petite Jawa with bright yellow eyes that shine with intelligence and curiosity. Her brown hooded robe is tattered and patched from years of wear and scavenging, and it hangs loosely around her small frame. Unlike most Jawas, Ri'jek has a distinctive mark on her robe, a small, hand-sewn patch in the shape of a star, symbolizing her once-dreamt freedom and adventures beyond Tatooine.<\/span><br><\/p><h3>Background<\/h3><h4>Early Life<\/h4><p>Ri'jek was born and raised in the deserts of Tatooine, part of a tight-knit Jawa clan known for their scavenging prowess and resourcefulness. Ri'jek dreamt of exploring the galaxy, fascinated by the stories of other worlds and advanced technologies she heard from passing traders.<\/p><h4>Capture and Enslavement<\/h4><p>During one of her scavenging missions, Ri'jek's clan was ambushed by a group of slavers working for Zorba the Hutt. The Jawas were captured and taken to Nar Shaddaa, where they were sold into servitude. Ri'jek was forced to work in Zorba's compound, ass Zorba is amused by making her serve him due to diminutive nature.<\/p><p><br><\/p><p>Base Attack Bonus: +2<\/p><p>STR: 10<\/p><p>DEX: 10<\/p><p>CON: 10<br>INT: 12<br>WIS: 10<br>CHA: 10<\/p><p>WILL: +2<\/p><p>Weapon Proficiency (Pistols)<\/p><p>Trained In: Perception, Stealth, Treat Injury<\/p>","age":"25","sex":"Female","pronouns":null,"created_at":"2024-06-15T02:21:12.000000Z","updated_at":"2024-06-15T02:40:30.000000Z","location_id":null,"title":null,"family_id":null,"is_private":0,"is_personality_visible":1,"type":"Follower","is_dead":0,"race_id":null,"deleted_at":null,"is_personality_pinned":0,"is_appearance_pinned":0,"entity":{"id":6327057,"entity_id":1604239,"type_id":1,"name":"Ri'jek","is_private":0,"tooltip":null,"is_template":null,"is_attributes_private":0,"focus_x":null,"focus_y":null,"created_at":"2024-06-15T02:21:12.000000Z","updated_at":"2024-06-15T02:40:30.000000Z","created_by":115714,"updated_by":115714,"image_path":null,"image_uuid":null,"header_image":null,"header_uuid":null,"marketplace_uuid":null,"relationships":[{"id":641140,"owner_id":6327057,"target_id":5663490,"relation":"Follower","visibility_id":1,"mirror_id":null,"attitude":null,"is_pinned":0,"colour":"","marketplace_uuid":null}],"mentions":[{"entity_id":6327057,"campaign_id":null,"post_id":null,"timeline_element_id":null,"quest_element_id":null,"target_id":5663490}]},"character_traits":[],"character_families":[],"character_races":[{"id":733818,"character_id":1604239,"race_id":605091,"created_at":null,"updated_at":null,"is_private":0,"race":{"id":605091,"name":"Jawa","is_private":0,"entity":{"id":5663586,"name":"Jawa","entity_id":605091,"type_id":9}}}],"organisation_memberships":[],"characterTraits":[],"characterFamilies":[],"characterRaces":[{"id":733818,"character_id":1604239,"race_id":605091,"created_at":null,"updated_at":null,"is_private":0,"race":{"id":605091,"name":"Jawa","is_private":0,"entity":{"id":5663586,"name":"Jawa","entity_id":605091,"type_id":9}}}],"organisationMemberships":[]}