{"id":1546638,"name":"Selana Korr","campaign_id":233607,"entry":"<p>runs a covert network that helps refugees escape from dangerous territories,currently residing on [location:6098897].<\/p><p> met [character:5663527] during a joint operation where their objectives aligned\u2014rescuing a group of political prisoners. McCallin's tactical skills and moral compass, combined with Selana's local knowledge and espionage expertise, made them effective partners.\n\nNature of Relationship:\n\nProfessional Respect: Both recognize and respect each other's skills and commitments to their causes. This mutual respect has laid a strong foundation for their relationship.\nShared Ideals: They share a deep-seated belief in justice and the protection of innocents, driving them to collaborate on various missions.\nPotential for Deeper Bond: Depending on the direction of your campaign, their relationship could evolve from professional to a more personal connection, as they find in each other a rare combination of understanding, shared purpose, and trust.\nCurrent Dynamics: Whenever McCallin is on Nar Shaddaa, he knows he can rely on Selana for intelligence and assistance. Selana, in turn, values McCallin\u2019s perspective and the broader reach he provides to her network. They regularly exchange information and coordinate on wider scale operations that benefit from McCallin\u2019s connections and Selana\u2019s assets on the ground.<br><\/p>","age":"60","sex":"Male","pronouns":null,"created_at":"2024-04-27T20:31:59.000000Z","updated_at":"2024-04-27T20:31:59.000000Z","location_id":1373557,"title":null,"family_id":null,"is_private":0,"is_personality_visible":1,"type":"NPC","is_dead":0,"race_id":null,"deleted_at":null,"is_personality_pinned":0,"is_appearance_pinned":0,"entity":{"id":6102609,"entity_id":1546638,"type_id":1,"name":"Selana Korr","is_private":0,"tooltip":null,"is_template":null,"is_attributes_private":0,"focus_x":null,"focus_y":null,"created_at":"2024-04-27T20:31:59.000000Z","updated_at":"2024-04-27T20:31:59.000000Z","created_by":115714,"updated_by":null,"image_path":null,"image_uuid":null,"header_image":null,"header_uuid":null,"marketplace_uuid":null,"relationships":[{"id":619924,"owner_id":6102609,"target_id":5663527,"relation":"Business Partner","visibility_id":1,"mirror_id":619925,"attitude":null,"is_pinned":0,"colour":"","marketplace_uuid":null}],"mentions":[{"entity_id":6102609,"campaign_id":null,"post_id":null,"timeline_element_id":null,"quest_element_id":null,"target_id":6098897},{"entity_id":6102609,"campaign_id":null,"post_id":null,"timeline_element_id":null,"quest_element_id":null,"target_id":5663527}]},"character_traits":[],"character_families":[],"character_races":[{"id":709490,"character_id":1546638,"race_id":605958,"created_at":null,"updated_at":null,"is_private":0,"race":{"id":605958,"name":"Twil'lek","is_private":0,"entity":{"id":5668726,"name":"Twil'lek","entity_id":605958,"type_id":9}}}],"organisation_memberships":[],"characterTraits":[],"characterFamilies":[],"characterRaces":[{"id":709490,"character_id":1546638,"race_id":605958,"created_at":null,"updated_at":null,"is_private":0,"race":{"id":605958,"name":"Twil'lek","is_private":0,"entity":{"id":5668726,"name":"Twil'lek","entity_id":605958,"type_id":9}}}],"organisationMemberships":[]}