{"id":1472962,"name":"Sivvi","slug":"sivvi","campaign_id":233607,"entry":"<p>Leader of the tribe of [race:5663586]\u00a0living in the wreckage of a ship in the center of [location:5658514]<\/p>","age":null,"sex":"Male","pronouns":null,"created_at":"2024-02-21T23:25:34.000000Z","updated_at":"2024-02-21T23:26:34.000000Z","location_id":1284877,"title":null,"family_id":null,"is_private":0,"is_personality_visible":1,"type":"NPC","is_dead":0,"race_id":null,"deleted_at":null,"is_personality_pinned":0,"is_appearance_pinned":0,"entity":{"id":5814076,"entity_id":1472962,"type_id":1,"name":"Sivvi","is_private":0,"tooltip":null,"is_template":null,"is_attributes_private":0,"focus_x":null,"focus_y":null,"created_at":"2024-02-21T23:25:34.000000Z","updated_at":"2024-02-21T23:26:34.000000Z","created_by":115714,"updated_by":115714,"image_path":null,"image_uuid":null,"header_image":null,"header_uuid":null,"marketplace_uuid":null,"relationships":[{"id":588142,"owner_id":5814076,"target_id":5663490,"relation":"Favored owed for borrowed ion blaster","visibility_id":1,"mirror_id":588143,"attitude":null,"is_pinned":0,"colour":"","marketplace_uuid":null}],"mentions":[{"entity_id":5814076,"campaign_id":null,"post_id":null,"timeline_element_id":null,"quest_element_id":null,"target_id":5663586},{"entity_id":5814076,"campaign_id":null,"post_id":null,"timeline_element_id":null,"quest_element_id":null,"target_id":5658514}]},"character_traits":[],"character_families":[],"character_races":[{"id":675854,"character_id":1472962,"race_id":605091,"created_at":null,"updated_at":null}],"organisation_memberships":[],"characterTraits":[],"characterFamilies":[],"characterRaces":[{"id":675854,"character_id":1472962,"race_id":605091,"created_at":null,"updated_at":null}],"organisationMemberships":[]}