{"id":1472963,"name":"Tanno Vikra","slug":"tannovikra","campaign_id":233607,"entry":"<p>Tanno Vikra is a [race:5814085] of average height, with the distinctive blue-green skin, large red eyes, and bald head characteristic of his species. His face is marked by several subtle scars, souvenirs from his adventurous past. Tanno is typically seen wearing a utility vest filled with tools and gadgets, over a simple, durable outfit suited to the demands of his work. Despite his somewhat intimidating appearance, Tanno's expressions are usually warm, and his demeanor approachable, especially when dealing with customers or discussing mechanics.<\/p><p><br><\/p><h3 style=\"border-color:rgb(227,227,227);\">Background:<\/h3><p style=\"border-color:rgb(227,227,227);\">Tanno Vikra was once a pilot and mechanic flying cargo runs between the Core Worlds and the Outer Rim. His love for mechanics eventually surpassed his love for flying, prompting him to settle in Mos Eisley, where he opened his shop, <span style=\"border-color:rgb(227,227,227);\">\"Vikra's Vanguard &amp; Repair.\"<\/span> The shop quickly became known for its reliable weapon sales and top-notch repair services, attracting a loyal customer base.<\/p><p style=\"border-color:rgb(227,227,227);\">Tanno is well-respected in Mos Eisley, not just for his skills but also for his fairness and willingness to help those in a bind, often offering repairs at a discount for those who can't afford to pay full price. His past experiences have left him with a vast network of contacts and a wealth of knowledge about various types of weaponry and starship components, making him an invaluable resource to his clients.<\/p><p style=\"border-color:rgb(227,227,227);\">Despite his success, Tanno has never lost his adventurous spirit, often taking on dangerous repair jobs that others would refuse. He sees potential in Zilgik, appreciating the Verpine's technical prowess and unique perspective, and has become a mentor figure to him, sharing his knowledge and experience.<\/p>","age":null,"sex":null,"pronouns":null,"created_at":"2024-02-21T23:25:34.000000Z","updated_at":"2024-02-21T23:32:32.000000Z","location_id":1314544,"title":null,"family_id":null,"is_private":0,"is_personality_visible":1,"type":"NPC","is_dead":0,"race_id":null,"deleted_at":null,"is_personality_pinned":0,"is_appearance_pinned":0,"entity":{"id":5814077,"entity_id":1472963,"type_id":1,"name":"Tanno Vikra","is_private":0,"tooltip":null,"is_template":null,"is_attributes_private":0,"focus_x":null,"focus_y":null,"created_at":"2024-02-21T23:25:34.000000Z","updated_at":"2024-02-21T23:32:32.000000Z","created_by":115714,"updated_by":115714,"image_path":null,"image_uuid":null,"header_image":null,"header_uuid":null,"marketplace_uuid":null,"relationships":[{"id":588144,"owner_id":5814077,"target_id":5663523,"relation":"Boss","visibility_id":1,"mirror_id":588145,"attitude":null,"is_pinned":0,"colour":"","marketplace_uuid":null}],"mentions":[{"entity_id":5814077,"campaign_id":null,"post_id":null,"timeline_element_id":null,"quest_element_id":null,"target_id":5814085}]},"character_traits":[],"character_families":[],"character_races":[{"id":675856,"character_id":1472963,"race_id":625018,"created_at":null,"updated_at":null}],"organisation_memberships":[],"characterTraits":[],"characterFamilies":[],"characterRaces":[{"id":675856,"character_id":1472963,"race_id":625018,"created_at":null,"updated_at":null}],"organisationMemberships":[]}