{"id":1436590,"name":"Ten'Shin","slug":"tenshin","campaign_id":233607,"entry":"<p>This is a player character in the star wars saga edition rpg campaign. Below is his backstory as well as physical appearance and other notes.<\/p><p>Name: Ten'shin<\/p><p>Species: Jawa<\/p><p><br><\/p><p>Space Rodent Without a Cause<\/p><p><br><\/p><p>Outward description: Aside from his stature (4\u20191\u201d), nothing indicates that Ten\u2019shin is actually a Jawa as far as his person goes. Typically he wears a bomber jacket over a Republic Navy Flight Suit that has been noticeably modified to fit his stature and his preference of appearance (added in some orange accents - yes, the same orange as the ship). In addition, his face is hidden behind a black mask accented by his glowing orange eyes. In place of where a mouth usually would go is an X made out of chrome. Atop his head rests an ancient looking leather bomber hat and pilot goggles, again modified to fit his face. When Ten\u2019shin wants to disappear into a crowd, he flips his modified bomber jacket inside out. He modified it to be reversible with the interior collapsing into a Jawa robe with just a few adjustments. He keeps a spare hood in one of the compartments of his utility belt. Ten\u2019shin wears a chest holster across his chest nestling a blaster pistol, while an ion blaster rests backwards on his right hip. His diminutive and delicate-looking feet are bare, and their soles are like soft calf leather and are as durable as a military boot.\u00a0<\/p><p><br><\/p><p><br><\/p><p>Backstory:<\/p><p><br><\/p><p>Ten\u2019shin woke as the entire world went sideways. His nostrils were singed by the acrid scent of smoke, blood, burning tech, and scorched fur. The sandcrawler had been knocked onto its side, but he found his footing just as quickly as his nimble fingers found his blaster. The cries of the wounded and dying hung thick in the air like ash after a volcanic eruption.<\/p><p>\u00a0Tch\u2019kara, where could she be, he thought to himself. I need to find her. We need to get out of here.\u00a0<\/p><p>A cacophony of blasterfire seemed to strangle every decibel of sound for what seemed like an eternity as Ten\u2019shin stumbled onward. The first body he came across was that of his grandmother - whose visage was encased in terror. Her lower torso was stained crimson where she lay pinned between shards of jagged metal that once composed the walls of her living quarters.\u00a0 He checked her pulse despite her death gaze, and he found no sign of life nor hope in her still veins. He quietly said goodbye and slinked toward a commotion coming from a source of light further down the corridor. He approached slowly and found an astromech droid attempting to tear away its restraining bolt. Ten'shin cooed the droid like a horse whisperer addressing a beast of burden. The droid calmed and fell still. Ten'shin removed the restraining bolt and instructed the droid to follow his every move and to make as little noise as possible. The droid offered a quiet whistle in the affirmative. Ten'shin slowly, carefully navigated the sideways, distorted passageways he had called home the entirety of his life. The flames and black smoke seemed to be spreading in every direction he turned, and they prevented him from seeking out those whose cries would haunt him for the rest of his life.<\/p><p>With clenched teeth and tears streaming down his face, Ten'shin emerged headfirst through a hole in the outer hull. His lungs filled with smoke infused desert air as he was able to exit the wreckage of the sandcrawler, and he hacked and coughed as he tried to get his bearings. He scanned the darkness of the desert, but there was no sign of the perpetrators. Ten\u2019shin looked skyward and glimpsed the outline of a starship hovering above. They appeared to be surveying the effectiveness of their efforts. He knew that ship. It belonged to a group of pirates the elders had decided to engage in business with not long ago. The last encounter had grown heated, but no one could\u2019ve predicted this. Above the ship\u2019s mounted cannons began to shift about excitedly as they anticipated another volley was soon to follow.\u00a0<\/p><p>Ten'shin then did the only thing he could do - he ran. Behind him sounded the whistles and beeps emitted by the panicked astromech droid who gave chase after his new master. He did not get far before the sounds of the blaster cannons began again. The fuel cell storage compartment must've been hit because there was a thunderous explosion and Ten\u2019shin was airborne. He shakily rose to his feet, and they would not fail him as he ran through the night. As the three suns began to rise over Tatooine, his blistered feet found their way to the edge of Mos Eisley. He slithered his way to the threshold of a long condemned building, and collapsed into a heap. The astromech droid settled in beside him and resided over his new master while the Jawa slept fitfully into the night.\u00a0<\/p><p>Days became weeks before Ten'shin was able to muster the courage to return to the wreckage that remained of his family\u2019s sandcrawler. The beeps and whistles emitted by his companion offered little respite from his grief. In a single evening, the most important aspect of Ten'shin\u2019s life had been stolen from him. Amongst the wreckage he did not find a single sign of life. His hope turned to grief and anger which metamorphosed into a bitter distrustful soul. His grief consumed him, and he fell quickly into addiction and despair. He never found any sign of Tch\u2019kara, but he accepted her passing as there was no rational path supporting her survival.<\/p><p>Weeks turned to months and months turned to years. Ten'shin was consumed by his grief. He drank, he drank, he stole anything that wasn\u2019t tied down, and then he\u2019d drink some more. He was alone. He knew deep down that Jawas were never meant to be alone. They were born as many; they lived as many; and they died as many. His survival, when the members of his family lost their lives, was an abomination. He was consumed with grief and anger, and this only furthered the extent of his descent into addiction.\u00a0<\/p><p>That is when the dreams began. Each night he saw the faces of his loved ones. He saw their agony - their suffering. Each night they screamed for him to help - to save them. But what could he do? He was nothing. He had nothing. He was nothing, and they had died screaming; they died crying; they died afraid. Ten'shin vowed he would never know fear again. He took a path to the heart of the desert. He did not intend to return.\u00a0<\/p><p>He set out before daybreak, and in the darkness of a moonless sky, he walked for hours with that blasted astromech following his every step. By midafternoon, the sun tore at his robes and cooked him from the inside, but he walked on. He traveled over countless dunes until he found himself in a featureless valley. He lay down in the warm sand and accepted his fate. It was only when he lay his head down tat he knocked his skull against something metallic in nature. He rubbed his head in pain before he found his footing and surveyed the land before him. He took notice of rises in the sand - unnatural rises that spoke to something buried beneath its embrace. His naturally curious Jawa brain found a focus for its obsessive nature. There amongst the yellow sands of this endless desert, Ten\u2019shin made out what could only be the cockpit of an ARC-170\u00a0 starfighter.\u00a0<\/p><p>The cockpit itself was still mostly intact. Through the glass, he saw the lifeless, desiccated bodies of the ship\u2019s pilot and forward gunner. Their slumber looked somewhat peaceful, like they died in their sleep. Ten\u2019shin continued to brush away the sand with his tiny hands until he found the shattered remains of an astromech droid. Obvious signs of carbon scoring spoke to a violent end for the droid. Ten\u2019shin lay his hand on a shard of its exterior casing, and he saw flashes of its final journey. Its death had been painless, instantaneous, and the lack of its suffering made Ten\u2019shin smile a little bit. Ten\u2019shin thanked his ancestors for such good fortune, especially since he had been so close to a much different conclusion. With gratitude, he laid to rest the remains of the pilot and two gunners - after removing their valuables of course because they wouldn\u2019t be needing them anymore. He decided he would make a flight suit of his own from what remained of the pilot and gunners\u2019 uniforms. He removed all insignias and ranks associated with the Republic Navy and began to design an insignia of his own, the mask of a Jawa with glowing orange eyes emblazoned on the side of a sandcrawler.\u00a0<\/p><p>It took nearly a week, but finally Ten\u2019shin was able to unearth the entirety of the craft. When he finished he stood back and proudly gazed at his discovery. The ship had sustained moderate damage to its fuselage, but nothing that he couldn\u2019t repair with parts he could find at Mos Eisley and the surrounding communities. One of the engines had suffered a direct hit and would have to be completely rebuilt, but the other was in fair condition. It only took him a three week\u2019s labor and some scavenged parts to get that engine running again. Ten\u2019shin didn\u2019t waste an ounce of materials as his addiction was soon overcome by his obsession of rebuilding the starfighter. He no longer drank; he simply didn\u2019t have the time. He decided he would leave Tatooine as soon as possible. There was nothing for him here any longer.\u00a0<\/p><p>For more than a year, Ten\u2019shin repeated this pattern: awake, eat, scavenge, shit, and build until the sun went down. In the evening, he would nestle in the ship\u2019s cockpit and look at the stars until he fell asleep. He spoke to no one during this time save for the astromech droid that was always by his side. Somewhere in the midst of reassembling the underbelly of the craft, Ten\u2019shin realized he had found a small measure of joy. At the end of the following growing season, Ten\u2019shin had completed his task.\u00a0<\/p><p><span><span>\t<\/span>The Arc-175 Starfighter was once again space worthy. He had rebuilt more than 35% of the craft from scratch. From nose to tail, everything was now in fine working condition. The engines hummed softly and emitted the softest purple hue. He had rigged the rear guns, so the astromech could cover his tail when necessary and removed the need for a forward gunner by rewiring the controls through the pilot\u2019s console.Perhaps the most comical of his modifications was the booster seat he had to install in the pilot\u2019s cockpit in order to be able to reach all of the controls at the same time. If you asked Ten\u2019shin, the starfighter seemed giddy with anticipation to return to the vacuum of space.\u00a0<\/span><\/p><p><span><span>\t<\/span>So began the legend of the Jawa that wanted the stars. His last day on the planet was also the day he left behind the traditional robes of the Jawa and began to don a black flightsuit and his own version of a Jawa mask merged with a republic helmet. That afternoon, he felt the warm sands of Tatooine under his for the last time. Tomorrow, with a blaster at his side and a sarcastic word on his lips, Ten\u2019shin will begin to make his mark on the galaxy and never look back. Every Jawa one day would learn of his adventures - as would all the planets belonging to the galactic senate. His name would inspire hope, fear, jealousy, or love depending on one\u2019s allegiances;\u00a0 however, all would agree to the fact that Ten\u2019shin was an honest, fair, and morally good man\u2026 err, space rodent.\u00a0<\/span><\/p><p>\u00a0 \u00a0 \u00a0 \u00a0 \u00a0 \u00a0Ten\u2019shin\u2019s luck has been on the upswing lately. After answering a Republic Military Recruitment holo looking for independent contractors located in the outer rim, he has been mixing in Republic contracts to the usual array of gigs. The pay is so-so, and they insist on paying him in Republic credits, but as long as it keeps his belly full and the ship in running condition - that\u2019s all that matters. Ten\u2019shin is pleased with the minimal perks that come with taking the Republic gigs, military license for materials wasn\u2019t too shabby, as per his contract - it was taken out automatically in increments from his earnings from his first few gigs he completed. He remembered getting a holo with an advert from the Republic Armory Association notifying his passing security clearance and completed his final installment for his license which had already been uploaded to his credentials. He had just finished a run of medical supplies to an outer rim colony having trouble with a pirate blockade.\u00a0<\/p><p>The fixer he works with, a 1st Lt. Drunars, with the Supply and Requisition folks isn\u2019t so bad. He\u2019s a tall human witha slight build and hawk-like features. The man\u2019s blue eyes barely seem to blink. Ten\u2019shin appreciates that the Lt. tries not to look down at Ten\u2019shin when giving orders, which is a courtesy not most races fail to offer to a Jawa. The man has no sense of humor to speak of, but then it\u2019s hard to express humor with that damn Vox Box. Ten\u2019shin has made several mental notes to improve its memory bank. It seems almost insane that the system can only handle a dozen or so phrases.\u00a0<\/p><p>The Lt. did ask where he had salvaged the ARC-170. Heck, he even tried to buy it back. The Republic officer said he\u2019d have to remove all the orange paint (camouflage) and the \u201cweird mural thing\u201d (banging Jawa mural) before he\u2019d start repairs, and though Ten\u2019shin had put hundreds of hours into its modifications - he was open to negotiation. Thankfully, he had kept a detailed log of the repairs and modifications he had made to his ship. Ten\u2019shin began to lay out diagram after diagram mapping out the modifications he had made on the interior of the cockpits, which were now more of a Jawa-sized apartment, connected through a series of tunnels he had constructed himself, than\u00a0 three individual cockpits. Ten\u2019shin spoke at length about how each of these modifications improved the ship in some way or another whether it be performance or long-term habitation. True, one could return it mostly to its original form with a series of levers and knobs he himself had installed, but the pilot\u2019s station alone would have to be completely rebuilt because Ten\u2019shin had modified it for his delicate digits. The Lt. seemed to lose interest after Ten\u2019shin explained his improvements and the ship\u2019s true cost when labor was factored in.\u00a0<\/p><p>Anyway, the Lt. is a fair enough man even if Ten\u2019shin had to have the droid correct him repeatedly - that since he owned his ship and had a crew that Ten\u2019shin was a captain, and R7-Clyde was his first mate. Regardless, the Lt. kept calling him \u2018agent.\u2019 Ten\u2019shin just kept tapping the Navy Republic Wings he had modified on his modified jumpsuit while the droid chirped and whistled in explanation. That\u2019s just the rules of the sky, my friend. The Lt. seemed to agree because he walked off shaking his head, which is usually what humans do when they agree with you. Odd creatures. Anyhow, Ten\u2019shin really wants to save up for one of those nice long distance blaster rifles with the scopes. He\u2019s partial to the sneaking around, but it gets a little hairy sometimes. Ten\u2019shin decided after a particularly close call, involving the extraction of a couple of Jedi from a warzone on some frozen planet, that it\u2019s better to do things at a distance sometimes.\u00a0<\/p><p>Outside of the mind of Ten\u2019shin and firmly rooted in reality, Ten\u2019shin was recruited by The Republic Special Forces due to his reputation as a burgeoning pilot and scout capable of getting in and out of the most extreme conditions without raising the alarm. Ten\u2019shin\u2019s actual role within the Republic Special Forces is only really a secret to the Jawa himself within the organization to the extent that most of his clients are actually fellow agents. The young jawa is more than proving himself to be a reliable asset.\u00a0<\/p><p><br><\/p><p><br><\/p><p>GM Notes:<\/p><p>Obvious potential plotlines with both the pirates and his mate Tch'Kara<\/p><div><br><\/div>","age":null,"sex":null,"pronouns":null,"created_at":"2024-01-21T05:22:18.000000Z","updated_at":"2024-02-09T20:00:59.000000Z","location_id":null,"title":null,"family_id":null,"is_private":0,"is_personality_visible":1,"type":"Player Character","is_dead":0,"race_id":null,"deleted_at":null,"is_personality_pinned":0,"is_appearance_pinned":0,"entity":{"id":5663490,"entity_id":1436590,"type_id":1,"name":"Ten'Shin","is_private":0,"tooltip":null,"is_template":null,"is_attributes_private":0,"focus_x":null,"focus_y":null,"created_at":"2024-01-21T05:22:18.000000Z","updated_at":"2024-02-09T20:00:59.000000Z","created_by":115714,"updated_by":115714,"image_path":null,"image_uuid":null,"header_image":null,"header_uuid":null,"marketplace_uuid":null,"relationships":[{"id":588143,"owner_id":5663490,"target_id":5814076,"relation":"Favored owed for borrowed ion blaster","visibility_id":1,"mirror_id":588142,"attitude":null,"is_pinned":0,"colour":"","marketplace_uuid":null}]},"character_traits":[],"character_families":[],"character_races":[{"id":658402,"character_id":1436590,"race_id":605091,"created_at":null,"updated_at":null}],"organisation_memberships":[],"characterTraits":[],"characterFamilies":[],"characterRaces":[{"id":658402,"character_id":1436590,"race_id":605091,"created_at":null,"updated_at":null}],"organisationMemberships":[]}