{"id":1435520,"name":"Vytor Shrike","campaign_id":233607,"entry":"<p class=\"p1\">Vytor Shrike CL 4<\/p><p class=\"p1\">Medium Gand nonheroic 5\/soldier 2<\/p><p class=\"p1\">Init +4; Senses Perception +3<\/p><p class=\"p1\">Languages Basic<\/p><p class=\"p1\">Defenses Ref 16 (FF 15), Fort 15, Will 12; armor +4<\/p><p class=\"p1\">HP 30; Threshold 15<\/p><p class=\"p1\">Speed 6 squares<\/p><p class=\"p1\">Melee Unarmed +5 (1d4+1)<\/p><p class=\"p1\">Ranged Blaster Rifle +7 (3d8+3)<\/p><p class=\"p1\">Ranged Frag Grenade +6 (4d6+1, 2-square burst)<\/p><p class=\"p1\">BAB +5; Grp +6<\/p><p class=\"p1\">Attack Options Autofire (blaster rifle), Point Blank Shot, Precise Shot<\/p><p class=\"p1\">Special Actions Coordinate Attack, Quick Draw<\/p><p class=\"p1\">Abilities Str 11, Dex 12, Con 13, Int 10, Wis 11, Cha 11<\/p><p class=\"p1\">Talents Weapon Specialist (rifles)<\/p><p class=\"p1\">Feats AP (light), Point Blank Shot, Precise Shot, Quick Draw, Weapon Focus (rifles), WP ( pistols, rifles, simple)<\/p><p class=\"p1\">Skills Knowledge (tactics) +8, Mechanics +8<\/p><p class=\"p1\">Gear: Combat Jumpsuit (armor +4), Blaster Rifle, Comlink (encrypted), Electrobinoculars, 2 Frag Grenades, Utility Belt.<\/p><p class=\"p1\">Physical Description: Shrike is a short, stocky insectoid alien who wears battle armor under a heavy cloak. A form-fitting helmet completely<\/p><p class=\"p1\">covers his head. Breathing apparatus connect to the helmet, providing supplemental gasses his species needs. Thick straps hold a combination<\/p><p class=\"p1\">old-style computer and sensor array device around his neck. His three-fingered hands constantly play across its controls.<\/p><p class=\"p1\">Background: Shrike was Tallon's first officer. He took part inthe Dalchon incident, stayed for a time on Tatooine, then became a merc when the<\/p><p class=\"p1\">quiet got to him. He has returned to help his old commander.<\/p><p class=\"p1\">Personality: Tough, cagey, and loyal to his own ideals, Shrike is an enemy to be feared and a friend to count on.<\/p><p class=\"p1\">Quote: \"Do you feel lucky, alien scum?\"<\/p>","age":null,"sex":null,"pronouns":null,"created_at":"2024-01-20T06:15:04.000000Z","updated_at":"2024-01-22T05:23:31.000000Z","location_id":1284877,"title":null,"family_id":null,"is_private":0,"is_personality_visible":1,"type":"NPC","is_dead":0,"race_id":null,"deleted_at":null,"is_personality_pinned":0,"is_appearance_pinned":0,"entity":{"id":5658518,"entity_id":1435520,"type_id":1,"name":"Vytor Shrike","is_private":0,"tooltip":null,"is_template":null,"is_attributes_private":0,"focus_x":null,"focus_y":null,"created_at":"2024-01-20T06:15:04.000000Z","updated_at":"2024-01-22T05:23:31.000000Z","created_by":115714,"updated_by":115714,"image_path":null,"image_uuid":null,"header_image":null,"header_uuid":null,"marketplace_uuid":null,"relationships":[{"id":575701,"owner_id":5658518,"target_id":5658517,"relation":"Friend","visibility_id":1,"mirror_id":575700,"attitude":null,"is_pinned":0,"colour":"","marketplace_uuid":null}]},"character_traits":[],"character_families":[],"character_races":[{"id":659242,"character_id":1435520,"race_id":605959,"created_at":null,"updated_at":null,"is_private":0,"race":{"id":605959,"name":"Gand","is_private":0,"entity":{"id":5668733,"name":"Gand","entity_id":605959,"type_id":9}}}],"organisation_memberships":[],"characterTraits":[],"characterFamilies":[],"characterRaces":[{"id":659242,"character_id":1435520,"race_id":605959,"created_at":null,"updated_at":null,"is_private":0,"race":{"id":605959,"name":"Gand","is_private":0,"entity":{"id":5668733,"name":"Gand","entity_id":605959,"type_id":9}}}],"organisationMemberships":[]}