{"id":1436603,"name":"Zilgik","campaign_id":233607,"entry":"<p>This is a player character in the star wars saga edition rpg campaign. Below is his backstory as well as physical appearance and other notes.<\/p><p><br><\/p><p>Zilgik (goes by Zil)<\/p><p>9 Years old (equiv to Human 17yrs)<\/p><p>Race: Verpine<\/p><p>Thin (130 lbs)<\/p><p>Hermaphroditic, but can also choose<\/p><p>No discernable heart<\/p><p>Prefer compromise to conflict<\/p><p>Prefer thinking in base six<\/p><p>Many of the Verpine who left their home system found work as starship technicians. Most of them met with success, though some of them would get in trouble for continually making unauthorized, sometimes dangerous, \"improvements\" to the equipment they maintained.\u00a0<\/p><p><br><\/p><p><br><\/p><p>Uses \u201che\u201d more frequently than \u201cshe\u201d but is okay with \u201cshe\u201d<\/p><p>Orphaned when 2yrs old. Doesn\u2019t have a lot of memories from early life (possibly blocking them?)<\/p><p>Very talkative, loves machines, computers and all technology. Has a penchant for stealing starships, speeders and any piece of technology not nailed down<\/p><p><br><\/p><p>In events leading up to the party being on Mos Eisley, Zilgik had teamed up with a crew of pirates. Some good, some bad with the leader of the crew having a soft spot for quirky Zilgik.<\/p><p><br><\/p><p><br><\/p><p>Below is information about the small wristpad\/driod that Zilgik owns called Quixit<\/p><p>Quixit - wrist pad\/small droid<\/p><p>Droidified Datapad Bracer with Glitchy Heuristic processor<\/p><p>Str 10 (0)<span>\t<\/span>Dex 18 (+4)<span>\t<\/span>Int 16 (+3)<span>\t<\/span>Wis 10 (0)<span>\t<\/span>Cha 12 (+1)<\/p><p>Trained Skills: Mechanics (+ 8) and Use Computer (+8)<\/p><p>+15 to stealth checks to hide (+19 total)<\/p><p><br><\/p><p>Has a holographic screen display (2 dimensional) and is designed for one handed typing. Doesn\u2019t speak, but makes cute beepy noises (but does have some phrases in its glitchy heuristic processor that it will blurt out when glitching - this is the only time it \u201cspeaks\u201d with a voice) and it can display words on its screen.<\/p><p>Has: jump servos, recognition system, antitheft comlink, cloaked, electroshock probe, fusion cutter, hydrospanner, power calibrator<\/p><p><br><\/p><p>Glitches (10% of the time while active)<\/p><p>Roll a d20<\/p><p><br><\/p><p>Starts playing a really upbeat, cheesy electronic pop song (is always the same song) and dancing<\/p><p><br><\/p><p>Asks \u2018Would you like a drink?\u201d and starts zapping the nearest creature with its electroshock probe<\/p><p><br><\/p><p>Says \u201cLet\u2019s play a game\u201d and begins collecting the nearest small objects in the area and setting them up as \u201cpieces\u201d for some game<\/p><p><br><\/p><p>Starts searching for liquids to mix together to make a \u201cdrink\u201d - unfortunately because of it\u2019s tools and skills in mechanics it will start ripping apart things to get to things such as liquid nitrogen, gasoline, antifreeze, etc if no other liquids are readily available<\/p><p><br><\/p><p>Says \u201cTake a card\u201d and starts throwing things<\/p><p><br><\/p><p>Starts telling jokes, but mixes punchlines up sometimes<\/p><p><br><\/p><p>Picks up random nearby objects and attempts to start \u201cjuggling\u201d them, but the heuristic processor that was scavenged was for a bipedal droid, so mostly it just throws things in the air and they fall to the floor<\/p><p><br><\/p><p>GM Notes:<\/p><p>Need an actual backstory here still<\/p><div><br><\/div>","age":null,"sex":null,"pronouns":null,"created_at":"2024-01-21T05:39:58.000000Z","updated_at":"2024-02-23T20:09:39.000000Z","location_id":null,"title":null,"family_id":null,"is_private":0,"is_personality_visible":1,"type":"Player Character","is_dead":0,"race_id":null,"deleted_at":null,"is_personality_pinned":0,"is_appearance_pinned":0,"entity":{"id":5663523,"entity_id":1436603,"type_id":1,"name":"Zilgik","is_private":0,"tooltip":null,"is_template":null,"is_attributes_private":0,"focus_x":null,"focus_y":null,"created_at":"2024-01-21T05:39:58.000000Z","updated_at":"2024-02-23T20:09:39.000000Z","created_by":115714,"updated_by":115714,"image_path":null,"image_uuid":null,"header_image":null,"header_uuid":null,"marketplace_uuid":null,"relationships":[{"id":588145,"owner_id":5663523,"target_id":5814077,"relation":"Boss","visibility_id":1,"mirror_id":588144,"attitude":null,"is_pinned":0,"colour":"","marketplace_uuid":null}]},"character_traits":[],"character_families":[],"character_races":[{"id":658401,"character_id":1436603,"race_id":605098,"created_at":null,"updated_at":null,"is_private":0,"race":{"id":605098,"name":"Verpine","is_private":0,"entity":{"id":5663605,"name":"Verpine","entity_id":605098,"type_id":9}}}],"organisation_memberships":[],"characterTraits":[],"characterFamilies":[],"characterRaces":[{"id":658401,"character_id":1436603,"race_id":605098,"created_at":null,"updated_at":null,"is_private":0,"race":{"id":605098,"name":"Verpine","is_private":0,"entity":{"id":5663605,"name":"Verpine","entity_id":605098,"type_id":9}}}],"organisationMemberships":[]}