{"id":233607,"name":"Galactic Shadows","slug":"233607","locale":null,"created_at":"2024-01-20T06:12:56.000000Z","updated_at":"2024-09-30T22:19:04.000000Z","image":null,"entry":"","visibility_id":1,"entity_visibility":0,"header_image":null,"entity_personality_visibility":0,"excerpt":"","theme_id":null,"ui_settings":{"hide_members":"0","hide_history":"0","tooltip_image":"0","connections":"0","connections_mode":"0","nested":"1","post_collapsed":"0"},"default_images":null,"settings":{"default_visibility":null},"is_open":0,"created_by":115714,"updated_by":115714,"is_discreet":0,"deleted_at":null,"deleted_by":null}