{"id":233607,"name":"Galactic Shadows","slug":"233607","locale":null,"created_at":"2024-01-20T06:12:56.000000Z","updated_at":"2024-05-04T20:26:47.000000Z","image":null,"entry":"","export_date":"2024-05-04T00:00:00.000000Z","visibility_id":1,"entity_visibility":0,"is_featured":0,"featured_until":null,"featured_reason":null,"header_image":null,"system":null,"entity_personality_visibility":0,"excerpt":"","visible_entity_count":56,"theme_id":null,"boost_count":null,"ui_settings":{"hide_members":"0","hide_history":"0","tooltip_image":"0","connections":"0","connections_mode":"0","nested":"1","post_collapsed":"0"},"default_images":null,"settings":{"default_visibility":null},"is_open":0,"created_by":115714,"updated_by":115714,"follower":0,"is_hidden":0,"is_discreet":0}