{"id":281502,"name":"Confederacy of Independent Systems","type":null,"entry":"","created_at":"2024-02-22T00:02:19.000000Z","updated_at":"2024-02-22T00:02:19.000000Z","is_private":0,"is_defunct":0,"organisation_id":null,"entity":{"id":5814155,"entity_id":281502,"type_id":4,"name":"Confederacy of Independent Systems","is_private":0,"tooltip":null,"is_template":null,"is_attributes_private":0,"focus_x":null,"focus_y":null,"created_at":"2024-02-22T00:02:19.000000Z","updated_at":"2024-02-22T00:02:19.000000Z","created_by":115714,"updated_by":null,"image_path":null,"image_uuid":null,"header_image":null,"header_uuid":null,"marketplace_uuid":null},"members":[],"pivotLocations":[]}