{"id":286064,"name":"Grand Hutt Council","type":"Council","entry":"","created_at":"2024-03-16T22:09:59.000000Z","updated_at":"2024-03-16T22:09:59.000000Z","is_private":0,"location_id":1337156,"is_defunct":0,"organisation_id":null,"entity":{"id":5915884,"entity_id":286064,"type_id":4,"name":"Grand Hutt Council","is_private":0,"tooltip":null,"is_template":null,"is_attributes_private":0,"focus_x":null,"focus_y":null,"created_at":"2024-03-16T22:09:59.000000Z","updated_at":"2024-03-16T22:09:59.000000Z","created_by":115714,"updated_by":null,"image_path":null,"image_uuid":null,"header_image":null,"header_uuid":null,"marketplace_uuid":null},"members":[]}