{"id":281497,"name":"The Republic","type":null,"entry":"","created_at":"2024-02-21T23:54:10.000000Z","updated_at":"2024-02-21T23:54:10.000000Z","is_private":0,"location_id":null,"is_defunct":0,"organisation_id":null,"entity":{"id":5814132,"entity_id":281497,"type_id":4,"name":"The Republic","is_private":0,"tooltip":null,"is_template":null,"is_attributes_private":0,"focus_x":null,"focus_y":null,"created_at":"2024-02-21T23:54:10.000000Z","updated_at":"2024-02-21T23:54:10.000000Z","created_by":115714,"updated_by":null,"image_path":null,"image_uuid":null,"header_image":null,"header_uuid":null,"marketplace_uuid":null},"members":[]}