{"id":173680,"name":"Vane","type":null,"entry":null,"created_at":"2024-06-13T21:36:06.000000Z","updated_at":"2024-06-13T21:36:06.000000Z","is_private":0,"family_id":null,"location_id":null,"is_extinct":0,"entity":{"id":6318744,"entity_id":173680,"type_id":2,"name":"Vane","is_private":0,"tooltip":null,"is_template":null,"is_attributes_private":0,"focus_x":null,"focus_y":null,"created_at":"2024-06-13T21:36:06.000000Z","updated_at":"2024-06-13T21:36:06.000000Z","created_by":115714,"updated_by":null,"image_path":null,"image_uuid":null,"header_image":null,"header_uuid":null,"marketplace_uuid":null},"pivotMembers":[{"character_id":1602794,"family_id":173680},{"character_id":1602797,"family_id":173680}]}