{"id":148136,"name":"Showdown with the Howling Bantha Tribe","type":"Encounter","entry":"<h3 style=\"border-color:rgb(227,227,227);\">1. <span style=\"border-color:rgb(227,227,227);\">Sandstorm Surge<\/span><\/h3><p style=\"border-color:rgb(227,227,227);\">A sudden, fierce sandstorm sweeps across the battlefield, reducing visibility and complicating combat.<\/p><ul style=\"border-color:rgb(227,227,227);padding-left:0px;\"><li style=\"border-color:rgb(227,227,227);margin:0px;padding-left:0.375em;\"><span style=\"border-color:rgb(227,227,227);\">Mechanics<\/span>: At the start of every round, roll a d20. On a roll of 15 or higher, a sandstorm surge occurs, imposing a -2 penalty on attack rolls, Perception checks, and any skill checks involving sight for that round.<\/li><\/ul><h3 style=\"border-color:rgb(227,227,227);\">2. <span style=\"border-color:rgb(227,227,227);\">Quicksand Pits<\/span><\/h3><p style=\"border-color:rgb(227,227,227);\">Hidden beneath the surface, several areas around the compound are actually dangerous quicksand pits that can trap the unwary.<\/p><ul style=\"border-color:rgb(227,227,227);padding-left:0px;\"><li style=\"border-color:rgb(227,227,227);margin:0px;padding-left:0.375em;\"><span style=\"border-color:rgb(227,227,227);\">Mechanics<\/span>: Mark several areas on the battlefield as quicksand pits. If a character enters a pit (knowingly or unknowingly), they must succeed on a DC 15 Strength or Acrobatics check to avoid sinking. Characters who fail sink 1 square (5 feet) and must make the check again each turn to escape or be freed by others.<\/li><\/ul><h3 style=\"border-color:rgb(227,227,227);\">3. <span style=\"border-color:rgb(227,227,227);\">Unstable Dune<\/span><\/h3><p style=\"border-color:rgb(227,227,227);\">A large dune near the compound is unstable and prone to collapse, potentially burying anyone on or below it.<\/p><ul style=\"border-color:rgb(227,227,227);padding-left:0px;\"><li style=\"border-color:rgb(227,227,227);margin:0px;padding-left:0.375em;\"><span style=\"border-color:rgb(227,227,227);\">Mechanics<\/span>: If combatants engage on the unstable dune, roll a d20 whenever a character takes a standard action that involves significant movement or force. On a roll of 5 or lower, the dune collapses, requiring everyone on the dune to make a DC 15 Reflex save or be buried under the sand. Buried characters are considered restrained and must make a DC 20 Strength check to free themselves or be dug out by allies.<\/li><\/ul><h3 style=\"border-color:rgb(227,227,227);\">4. <span style=\"border-color:rgb(227,227,227);\">Salvaged Defense Turrets<\/span><\/h3><p style=\"border-color:rgb(227,227,227);\">Aldair's compound is equipped with salvaged, semi-functional defense turrets that can be activated for additional firepower.<\/p><ul style=\"border-color:rgb(227,227,227);padding-left:0px;\"><li style=\"border-color:rgb(227,227,227);margin:0px;padding-left:0.375em;\"><span style=\"border-color:rgb(227,227,227);\">Mechanics<\/span>: Characters near a turret can spend a standard action to attempt a DC 20 Mechanics check to activate it. On success, the turret can make ranged attacks with a +10 attack bonus, dealing 3d8+2 damage to targets within a 30-square range. Each turret has a 25% chance of malfunctioning each time it's used, rendering it inoperable.<\/li><\/ul><h3 style=\"border-color:rgb(227,227,227);\">5. <span style=\"border-color:rgb(227,227,227);\">Solar Mirrors<\/span><\/h3><p style=\"border-color:rgb(227,227,227);\">Reflective solar mirrors around the compound can be adjusted to blind opponents or signal for help.<\/p><ul style=\"border-color:rgb(227,227,227);padding-left:0px;\"><li style=\"border-color:rgb(227,227,227);margin:0px;padding-left:0.375em;\"><span style=\"border-color:rgb(227,227,227);\">Mechanics<\/span>: As a standard action, a character can attempt a DC 15 Use Computer or Mechanics check to adjust a mirror. Successfully adjusted mirrors can be used to impose a -5 penalty on attack rolls for enemies starting their turn in a specified 3-square radius due to blinding light (lasts for 1 round) or signal distant allies or ships for assistance.<\/li><\/ul><h3 style=\"border-color:rgb(227,227,227);\">6. <span style=\"border-color:rgb(227,227,227);\">Emergency Supply Caches<\/span><\/h3><p style=\"border-color:rgb(227,227,227);\">Hidden caches around the compound contain emergency supplies, including medical kits, energy cells, and explosive devices.<\/p><ul style=\"border-color:rgb(227,227,227);padding-left:0px;\"><li style=\"border-color:rgb(227,227,227);margin:0px;padding-left:0.375em;\"><span style=\"border-color:rgb(227,227,227);\">Mechanics<\/span>: Characters can spend a move action to search for a cache, requiring a DC 15 Perception check. Finding a cache allows the character to retrieve an item, such as a medpac (immediately restores 1d8+5 hit points), an energy cell (can be used to power a weapon or device), or a thermal detonator (deals 6d6 damage in a 4-square radius, DC 18 Reflex save for half damage).<\/li><\/ul>","created_at":"2024-03-16T22:06:03.000000Z","updated_at":"2024-03-16T22:06:03.000000Z","is_private":0,"date":null,"location_id":1337152,"event_id":null,"entity":{"id":5915860,"entity_id":148136,"type_id":7,"name":"Showdown with the Howling Bantha Tribe","is_private":0,"tooltip":null,"is_template":null,"is_attributes_private":0,"focus_x":null,"focus_y":null,"created_at":"2024-03-16T22:06:03.000000Z","updated_at":"2024-03-16T22:06:03.000000Z","created_by":115714,"updated_by":null,"image_path":null,"image_uuid":null,"header_image":null,"header_uuid":null,"marketplace_uuid":null,"events":[{"id":216456,"calendar_id":21933,"length":1,"comment":null,"is_recurring":0,"recurring_until":null,"recurring_periodicity":null,"colour":"#cccccc","day":2,"month":1,"year":13,"type_id":null,"visibility_id":1,"created_by":115714}]}}