{"id":156669,"name":"Varnex discovers the teachery","type":null,"entry":null,"created_at":"2024-06-17T17:22:30.000000Z","updated_at":"2024-06-17T17:22:30.000000Z","is_private":0,"date":"13-2-7","location_id":null,"event_id":null,"entity":{"id":6339970,"entity_id":156669,"type_id":7,"name":"Varnex discovers the teachery","is_private":0,"tooltip":null,"is_template":null,"is_attributes_private":0,"focus_x":null,"focus_y":null,"created_at":"2024-06-17T17:22:30.000000Z","updated_at":"2024-06-17T17:22:30.000000Z","created_by":115714,"updated_by":null,"image_path":null,"image_uuid":null,"header_image":null,"header_uuid":null,"marketplace_uuid":null,"events":[{"id":229444,"calendar_id":21933,"length":1,"comment":"He's pissed","is_recurring":0,"recurring_until":null,"recurring_periodicity":null,"colour":"#cccccc","day":7,"month":2,"year":13,"type_id":null,"visibility_id":1,"created_by":115714}]}}