{"id":105667,"name":"Sessions","type":null,"entry":"","created_at":"2024-01-22T05:35:07.000000Z","updated_at":"2024-01-22T06:10:15.000000Z","is_private":0,"author_id":null,"location_id":null,"date":null,"journal_id":null,"entity":{"id":5668763,"entity_id":105667,"type_id":11,"name":"Sessions","is_private":0,"tooltip":null,"is_template":null,"is_attributes_private":0,"focus_x":null,"focus_y":null,"created_at":"2024-01-22T05:35:07.000000Z","updated_at":"2024-01-22T06:10:15.000000Z","created_by":115714,"updated_by":115714,"image_path":null,"image_uuid":null,"header_image":null,"header_uuid":null,"marketplace_uuid":null}}