{"id":113551,"name":"Session 4","type":"Session","entry":"<p>Seconday, 23rd of Firstmonth GR 13<br>Party approaches and traded with the [organisation:5668722]\u00a0to get [character:5663490]'s ship back, and return the remains of [character:5668731]\u00a0and [character:5668723]'s speederbike. Before returning Grond, [character:5663523]\u00a0managed to copy his memory banks. This will lead to a massive amount of information on the group:<br><\/p><ol style=\"border-color:rgb(227,227,227);padding-left:0px;\"><li style=\"border-color:rgb(227,227,227);padding-left:0.375em;\"><p style=\"border-color:rgb(227,227,227);\"><span style=\"border-color:rgb(227,227,227);\">Operational Data<\/span>:<\/p><ul style=\"border-color:rgb(227,227,227);margin-left:1rem;padding-left:1rem;\"><li style=\"border-color:rgb(227,227,227);padding-left:0px;\"><span style=\"border-color:rgb(227,227,227);\">Past Missions<\/span>: Detailed records of past operations performed by the Desert Fangs, including employer information, mission parameters, and outcomes. This could reveal patterns or expose significant underworld connections and the political landscape that the Desert Fangs have been involved with.<\/li><li style=\"border-color:rgb(227,227,227);padding-left:0px;\"><span style=\"border-color:rgb(227,227,227);\">Tactics and Strategies<\/span>: Insights into the combat tactics, escape routes, and contingency plans used by the Desert Fangs. This could provide the party with advanced knowledge of mercenary tactics that could be useful in future encounters.<\/li><\/ul><\/li><li style=\"border-color:rgb(227,227,227);padding-left:0.375em;\"><p style=\"border-color:rgb(227,227,227);\"><span style=\"border-color:rgb(227,227,227);\">Client List<\/span>:<\/p><ul style=\"border-color:rgb(227,227,227);margin-left:1rem;padding-left:1rem;\"><li style=\"border-color:rgb(227,227,227);padding-left:0px;\">A comprehensive list of past and current clients, which may include influential figures on Tatooine and beyond. This could lead to new allies or enemies, depending on how the party uses this information.<\/li><\/ul><\/li><li style=\"border-color:rgb(227,227,227);padding-left:0.375em;\"><p style=\"border-color:rgb(227,227,227);\"><br><\/p><\/li><\/ol><p><br>Then they made their way to [location:6102651] to drop off [character:5658517]\u00a0who plans to vanish into obscurity. They then continued on their way to [location:6098897]\u00a0(arrived on the 23 of Banthaar) so they can attempt to infiltrate [character:6098836]'s compound in an attempt to find the [item:6102652]. [character:5663527]\u00a0and [character:5663531]\u00a0met up with [character:6102609]\u00a0to get some information about Zorba's compound.\u00a0<\/p><p>She provided a rough sketch of the compound itself, a vague estimate of the security personnel and a couple of inside contacts that she has with people that are in and out of the compound regularly, but stressed she doesn't know these contacts well and their trustworthiness is questionable.<\/p>","created_at":"2024-04-27T20:39:47.000000Z","updated_at":"2024-06-17T17:30:21.000000Z","is_private":0,"author_id":null,"location_id":null,"date":"2024-04-26","journal_id":105667,"entity":{"id":6102653,"entity_id":113551,"type_id":11,"name":"Session 4","is_private":0,"tooltip":null,"is_template":null,"is_attributes_private":0,"focus_x":null,"focus_y":null,"created_at":"2024-04-27T20:39:47.000000Z","updated_at":"2024-06-17T17:30:21.000000Z","created_by":115714,"updated_by":115714,"image_path":null,"image_uuid":null,"header_image":null,"header_uuid":null,"marketplace_uuid":null,"events":[{"id":222243,"calendar_id":21933,"length":1,"comment":null,"is_recurring":1,"recurring_until":null,"recurring_periodicity":"year","colour":"#cccccc","day":23,"month":1,"year":13,"type_id":null,"visibility_id":1,"created_by":115714}],"mentions":[{"entity_id":6102653,"campaign_id":null,"post_id":null,"timeline_element_id":null,"quest_element_id":null,"target_id":5668722},{"entity_id":6102653,"campaign_id":null,"post_id":null,"timeline_element_id":null,"quest_element_id":null,"target_id":5663490},{"entity_id":6102653,"campaign_id":null,"post_id":null,"timeline_element_id":null,"quest_element_id":null,"target_id":5668731},{"entity_id":6102653,"campaign_id":null,"post_id":null,"timeline_element_id":null,"quest_element_id":null,"target_id":5668723},{"entity_id":6102653,"campaign_id":null,"post_id":null,"timeline_element_id":null,"quest_element_id":null,"target_id":6102651},{"entity_id":6102653,"campaign_id":null,"post_id":null,"timeline_element_id":null,"quest_element_id":null,"target_id":5658517},{"entity_id":6102653,"campaign_id":null,"post_id":null,"timeline_element_id":null,"quest_element_id":null,"target_id":6098897},{"entity_id":6102653,"campaign_id":null,"post_id":null,"timeline_element_id":null,"quest_element_id":null,"target_id":6098836},{"entity_id":6102653,"campaign_id":null,"post_id":null,"timeline_element_id":null,"quest_element_id":null,"target_id":6102652},{"entity_id":6102653,"campaign_id":null,"post_id":null,"timeline_element_id":null,"quest_element_id":null,"target_id":5663527},{"entity_id":6102653,"campaign_id":null,"post_id":null,"timeline_element_id":null,"quest_element_id":null,"target_id":5663531},{"entity_id":6102653,"campaign_id":null,"post_id":null,"timeline_element_id":null,"quest_element_id":null,"target_id":6102609},{"entity_id":6102653,"campaign_id":null,"post_id":null,"timeline_element_id":null,"quest_element_id":null,"target_id":5663523}]}}