{"id":108473,"name":"Session 2","type":"Session","entry":"<p>Party continued in their search for [character:5658517]\u00a0in [location:5658514]. They hit up the charging center on the edge of town, spotting [character:5668731]\u00a0watching them there while pretending to be charging and offline. Eventually they stole the parts they needed to create a mishmash of sensors in an attempt to detect the echo drive being used in the deep desert of [location:5658512]. They also geared up for an assault on [character:5668731]\u00a0with [character:5663490]\u00a0borrowing an ion blaster from [character:5814076], the leader of the tribe of [race:5663586]\u00a0living in the center of [location:5658514]. [character:5663523]\u00a0\"borrowed\" an ion grenade from her employer [character:5814077]. The party was able to attack and disable [character:5668731]\u00a0in two rounds, causing mostly ion damage to the droid. They then gathered the disabled droid up, fled to [character:5663527]'s ship [item:5814078]. After leaving the tracking beacon from [character:5668723]'s speederbike in the docking bay, they took off and began using the sensor mishmash [character:5663523]\u00a0cobbled together. They were able to pick up a signal in the deep desert, land, and make contact with [character:5658517]. They had a brief conversation before alarms began sounding in [character:5658517]'s lair. The session ended there.\u00a0\u00a0<span style=\"background-color:rgb(157,223,251);\"><\/span><\/p>","created_at":"2024-02-21T23:25:34.000000Z","updated_at":"2024-02-21T23:25:34.000000Z","is_private":0,"author_id":null,"location_id":null,"date":"2024-02-18","journal_id":105667,"entity":{"id":5814079,"entity_id":108473,"type_id":11,"name":"Session 2","is_private":0,"tooltip":null,"is_template":null,"is_attributes_private":0,"focus_x":null,"focus_y":null,"created_at":"2024-02-21T23:25:34.000000Z","updated_at":"2024-02-21T23:25:34.000000Z","created_by":115714,"updated_by":null,"image_path":null,"image_uuid":null,"header_image":null,"header_uuid":null,"marketplace_uuid":null,"events":[{"id":212930,"calendar_id":21933,"length":1,"comment":"","is_recurring":0,"recurring_until":null,"recurring_periodicity":null,"colour":"#cccccc","day":2,"month":1,"year":13,"type_id":null,"visibility_id":1,"created_by":115714}],"mentions":[{"entity_id":5814079,"campaign_id":null,"post_id":null,"timeline_element_id":null,"quest_element_id":null,"target_id":5658517},{"entity_id":5814079,"campaign_id":null,"post_id":null,"timeline_element_id":null,"quest_element_id":null,"target_id":5658514},{"entity_id":5814079,"campaign_id":null,"post_id":null,"timeline_element_id":null,"quest_element_id":null,"target_id":5668731},{"entity_id":5814079,"campaign_id":null,"post_id":null,"timeline_element_id":null,"quest_element_id":null,"target_id":5658512},{"entity_id":5814079,"campaign_id":null,"post_id":null,"timeline_element_id":null,"quest_element_id":null,"target_id":5663490},{"entity_id":5814079,"campaign_id":null,"post_id":null,"timeline_element_id":null,"quest_element_id":null,"target_id":5814076},{"entity_id":5814079,"campaign_id":null,"post_id":null,"timeline_element_id":null,"quest_element_id":null,"target_id":5663586},{"entity_id":5814079,"campaign_id":null,"post_id":null,"timeline_element_id":null,"quest_element_id":null,"target_id":5663523},{"entity_id":5814079,"campaign_id":null,"post_id":null,"timeline_element_id":null,"quest_element_id":null,"target_id":5814077},{"entity_id":5814079,"campaign_id":null,"post_id":null,"timeline_element_id":null,"quest_element_id":null,"target_id":5663527},{"entity_id":5814079,"campaign_id":null,"post_id":null,"timeline_element_id":null,"quest_element_id":null,"target_id":5814078},{"entity_id":5814079,"campaign_id":null,"post_id":null,"timeline_element_id":null,"quest_element_id":null,"target_id":5668723}]}}