{"id":118085,"name":"Session 5","type":null,"entry":"<p>Sixthday, the 26th of Firstmonth GR 13<\/p><p>Characters communicated with [character:6339935] and found out he had discovered there was descrepancies with the books for [character:6098836]. They were pointed in [character:6318731]'s direction.<\/p><p><br><\/p>","created_at":"2024-06-17T17:09:55.000000Z","updated_at":"2024-06-17T17:31:42.000000Z","is_private":0,"author_id":null,"location_id":1373557,"date":"2024-06-08","journal_id":105667,"entity":{"id":6339936,"entity_id":118085,"type_id":11,"name":"Session 5","is_private":0,"tooltip":null,"is_template":null,"is_attributes_private":0,"focus_x":null,"focus_y":null,"created_at":"2024-06-17T17:09:55.000000Z","updated_at":"2024-06-17T17:31:42.000000Z","created_by":115714,"updated_by":115714,"image_path":null,"image_uuid":null,"header_image":null,"header_uuid":null,"marketplace_uuid":null,"events":[{"id":229438,"calendar_id":21933,"length":1,"comment":"","is_recurring":1,"recurring_until":null,"recurring_periodicity":"year","colour":"#cccccc","day":27,"month":1,"year":13,"type_id":null,"visibility_id":1,"created_by":115714}],"mentions":[{"entity_id":6339936,"campaign_id":null,"post_id":null,"timeline_element_id":null,"quest_element_id":null,"target_id":6339935},{"entity_id":6339936,"campaign_id":null,"post_id":null,"timeline_element_id":null,"quest_element_id":null,"target_id":6098836},{"entity_id":6339936,"campaign_id":null,"post_id":null,"timeline_element_id":null,"quest_element_id":null,"target_id":6318731}]}}