{"id":118086,"name":"Session 6","type":"Session","entry":"<p><span style=\"color:rgb(24,26,42);\">Sixthday, the 26th of Firstmonth GR 13<\/span><br><\/p><p>Characters tracked down [character:6318731], found out she was being blackmailed by [organisation:6318739]\u00a0to steal from [character:6098836]. [organisation:6318739]\u00a0had hired the [organisation:6339945] to kidnap [character:6318731]'s sister [character:6318751]. The party went to the hideout of the [organisation:6339945], located in the lower levels of [location:6098897]. There they negotiated with [character:6339955] the leader of the group. In the mean time, [character:5663490]\u00a0was able to retrive the [item:6102652]\u00a0from [character:6098836]'s throne room, and the party left [location:6098897]\u00a0in quite the hurry. The current plan is to drop off the Vane sisters somewhere, then deliver the [item:6102652]\u00a0to [character:6098917].<\/p>","created_at":"2024-06-17T17:13:34.000000Z","updated_at":"2024-06-17T17:31:51.000000Z","is_private":0,"author_id":null,"location_id":1373557,"date":"2024-06-15","journal_id":105667,"entity":{"id":6339946,"entity_id":118086,"type_id":11,"name":"Session 6","is_private":0,"tooltip":null,"is_template":null,"is_attributes_private":0,"focus_x":null,"focus_y":null,"created_at":"2024-06-17T17:13:34.000000Z","updated_at":"2024-06-17T17:31:51.000000Z","created_by":115714,"updated_by":115714,"image_path":null,"image_uuid":null,"header_image":null,"header_uuid":null,"marketplace_uuid":null,"events":[{"id":229439,"calendar_id":21933,"length":1,"comment":"","is_recurring":1,"recurring_until":null,"recurring_periodicity":"year","colour":"#cccccc","day":27,"month":1,"year":13,"type_id":null,"visibility_id":1,"created_by":115714}],"mentions":[{"entity_id":6339946,"campaign_id":null,"post_id":null,"timeline_element_id":null,"quest_element_id":null,"target_id":6318731},{"entity_id":6339946,"campaign_id":null,"post_id":null,"timeline_element_id":null,"quest_element_id":null,"target_id":6318739},{"entity_id":6339946,"campaign_id":null,"post_id":null,"timeline_element_id":null,"quest_element_id":null,"target_id":6098836},{"entity_id":6339946,"campaign_id":null,"post_id":null,"timeline_element_id":null,"quest_element_id":null,"target_id":6339945},{"entity_id":6339946,"campaign_id":null,"post_id":null,"timeline_element_id":null,"quest_element_id":null,"target_id":6318751},{"entity_id":6339946,"campaign_id":null,"post_id":null,"timeline_element_id":null,"quest_element_id":null,"target_id":6098897},{"entity_id":6339946,"campaign_id":null,"post_id":null,"timeline_element_id":null,"quest_element_id":null,"target_id":6339955},{"entity_id":6339946,"campaign_id":null,"post_id":null,"timeline_element_id":null,"quest_element_id":null,"target_id":5663490},{"entity_id":6339946,"campaign_id":null,"post_id":null,"timeline_element_id":null,"quest_element_id":null,"target_id":6102652},{"entity_id":6339946,"campaign_id":null,"post_id":null,"timeline_element_id":null,"quest_element_id":null,"target_id":6098917}]}}