{"id":113501,"name":"Session 3","type":"Session","entry":"<p>Party defended an attack on [character:5658517]'s outpost by a group of Tusken Raiders.<span style=\"background-color:rgb(157,223,251);\">\u00a0<\/span>[character:6098917] showed up at the end of the fight and called out [character:5663527]. The rest of the party learned that [character:5663527]\u00a0owed Jabba a favor, and Jabba was intent on calling in that favor. The party has been tasked with traveling to [location:6098897] to [character:6098836]'s compound to retreive the device.<\/p>","created_at":"2024-04-26T18:43:16.000000Z","updated_at":"2024-04-26T18:57:54.000000Z","is_private":0,"author_id":null,"location_id":1284876,"date":"2024-03-16","journal_id":105667,"entity":{"id":6098837,"entity_id":113501,"type_id":11,"name":"Session 3","is_private":0,"tooltip":null,"is_template":null,"is_attributes_private":0,"focus_x":null,"focus_y":null,"created_at":"2024-04-26T18:43:16.000000Z","updated_at":"2024-04-26T18:57:54.000000Z","created_by":115714,"updated_by":115714,"image_path":null,"image_uuid":null,"header_image":null,"header_uuid":null,"marketplace_uuid":null,"events":[{"id":222144,"calendar_id":21933,"length":1,"comment":"","is_recurring":0,"recurring_until":null,"recurring_periodicity":null,"colour":"#cccccc","day":2,"month":1,"year":13,"type_id":null,"visibility_id":1,"created_by":115714}],"mentions":[{"entity_id":6098837,"campaign_id":null,"post_id":null,"timeline_element_id":null,"quest_element_id":null,"target_id":5658517},{"entity_id":6098837,"campaign_id":null,"post_id":null,"timeline_element_id":null,"quest_element_id":null,"target_id":5663527},{"entity_id":6098837,"campaign_id":null,"post_id":null,"timeline_element_id":null,"quest_element_id":null,"target_id":6098836},{"entity_id":6098837,"campaign_id":null,"post_id":null,"timeline_element_id":null,"quest_element_id":null,"target_id":6098897},{"entity_id":6098837,"campaign_id":null,"post_id":null,"timeline_element_id":null,"quest_element_id":null,"target_id":6098917}]}}