{"id":105669,"name":"Session 1\/20\/24","type":"Session","entry":"<p style=\"color:rgb(24,26,42);\">The party met in the [location:5658546]. All began to get to know each other.<\/p><p style=\"color:rgb(24,26,42);\">At one point [character:5663490]\u00a0managed to steal the comlink of [character:5663463]\u00a0and the party determined he is working for someone called [character:5663465|Zan]\u00a0and is actively looking for [character:5658517]. There was much nonsense. [character:5663490]\u00a0also tried and, initially failed, to steal the speederbike of a trandoshan.<\/p><p style=\"color:rgb(24,26,42);\">[character:5663523]\u00a0also stole a speeder, but did so quietly by hotwiring it.<\/p><p style=\"color:rgb(24,26,42);\">They party has decided to head for the [location:5658553]\u00a0in an attempt to \"borrow\" some equipment to scan for [character:5658517]\u00a0in addition to continuing to listen to [character:5663463]\u00a0to see if his group has located [character:5658517].<\/p>","created_at":"2024-01-22T06:09:19.000000Z","updated_at":"2024-02-02T22:21:40.000000Z","is_private":0,"author_id":null,"location_id":1284877,"date":null,"journal_id":105667,"entity":{"id":5668801,"entity_id":105669,"type_id":11,"name":"Session 1\/20\/24","is_private":0,"tooltip":null,"is_template":null,"is_attributes_private":0,"focus_x":null,"focus_y":null,"created_at":"2024-01-22T06:09:19.000000Z","updated_at":"2024-02-02T22:21:40.000000Z","created_by":115714,"updated_by":115714,"image_path":null,"image_uuid":null,"header_image":null,"header_uuid":null,"marketplace_uuid":null,"posts":[{"id":571102,"name":"GM Notes:","entry":"<p style=\"color:rgb(24,26,42);\">[character:5663490]\u00a0has pissed off [character:5668723]\u00a0- leader of the [organisation:5668722]\u00a0by stealing his speeder. This is most likely going to go somewhere as [character:5663490]\u00a0did it immediately outside the docking bay the group has both ships in and it's not exactly difficult for the [organisation:5668722]\u00a0to figure out which ships belongs to [character:5663490]<\/p><p style=\"color:rgb(24,26,42);\"><br><\/p><p style=\"color:rgb(24,26,42);\">Things to check:<br>Aid another?<\/p><p style=\"color:rgb(24,26,42);\">Improvements to\u00a0[character:5663490]'s ship.<\/p><p style=\"color:rgb(24,26,42);\">stats foir\u00a0[character:5663527]'s ship<\/p><p style=\"color:rgb(24,26,42);\"><br><\/p>","is_private":0,"entity_id":5668801,"created_by":115714,"created_at":"2024-01-22T06:30:39.000000Z","updated_at":"2024-02-02T22:21:40.000000Z","visibility_id":4,"updated_by":115714,"is_pinned":0,"position":1,"settings":{"collapsed":"0"},"marketplace_uuid":null,"location_id":null,"layout_id":null}],"events":[{"id":208598,"calendar_id":21933,"length":1,"comment":null,"is_recurring":0,"recurring_until":null,"recurring_periodicity":null,"colour":"#cccccc","day":1,"month":1,"year":13,"type_id":null,"visibility_id":1,"created_by":115714}],"mentions":[{"entity_id":5668801,"campaign_id":null,"post_id":null,"timeline_element_id":null,"quest_element_id":null,"target_id":5663490},{"entity_id":5668801,"campaign_id":null,"post_id":null,"timeline_element_id":null,"quest_element_id":null,"target_id":5658546},{"entity_id":5668801,"campaign_id":null,"post_id":null,"timeline_element_id":null,"quest_element_id":null,"target_id":5663463},{"entity_id":5668801,"campaign_id":null,"post_id":null,"timeline_element_id":null,"quest_element_id":null,"target_id":5663465},{"entity_id":5668801,"campaign_id":null,"post_id":null,"timeline_element_id":null,"quest_element_id":null,"target_id":5658517},{"entity_id":5668801,"campaign_id":null,"post_id":null,"timeline_element_id":null,"quest_element_id":null,"target_id":5663523},{"entity_id":5668801,"campaign_id":null,"post_id":null,"timeline_element_id":null,"quest_element_id":null,"target_id":5658553},{"entity_id":5668801,"campaign_id":null,"post_id":571102,"timeline_element_id":null,"quest_element_id":null,"target_id":5663490},{"entity_id":5668801,"campaign_id":null,"post_id":571102,"timeline_element_id":null,"quest_element_id":null,"target_id":5668723},{"entity_id":5668801,"campaign_id":null,"post_id":571102,"timeline_element_id":null,"quest_element_id":null,"target_id":5668722},{"entity_id":5668801,"campaign_id":null,"post_id":571102,"timeline_element_id":null,"quest_element_id":null,"target_id":5663527}]}}