{"id":420990,"name":"Mentari Disk","type":null,"entry":null,"created_at":"2024-04-27T20:39:47.000000Z","updated_at":"2024-04-27T20:39:47.000000Z","is_private":0,"item_id":null,"price":null,"size":null,"location_id":null,"character_id":null,"entity":{"id":6102652,"entity_id":420990,"type_id":5,"name":"Mentari Disk","is_private":0,"tooltip":null,"is_template":null,"is_attributes_private":0,"focus_x":null,"focus_y":null,"created_at":"2024-04-27T20:39:47.000000Z","updated_at":"2024-04-27T20:39:47.000000Z","created_by":115714,"updated_by":null,"image_path":null,"image_uuid":null,"header_image":null,"header_uuid":null,"marketplace_uuid":null}}