{"characters":{"enabled":1},"events":{"enabled":1},"families":{"enabled":1},"items":{"enabled":1},"journals":{"enabled":1},"locations":{"enabled":1},"notes":{"enabled":1},"organisations":{"enabled":1},"quests":{"enabled":1},"calendars":{"enabled":1},"tags":{"enabled":1},"dice_rolls":{"enabled":0},"bookmarks":{"enabled":1},"conversations":{"enabled":0},"races":{"enabled":1},"abilities":{"enabled":1},"maps":{"enabled":1},"timelines":{"enabled":1},"inventories":{"enabled":1},"creatures":{"enabled":1},"entity_attributes":{"enabled":1},"assets":{"enabled":1}}