{"id":21933,"campaign_id":233607,"name":"Great Resynchronization","slug":"greatresynchronization","type":null,"entry":"<p>The Great Resynchronization was established in 35 BBY as a means to standardize the calendar across the Galactic Republic. Since the Clone Wars began in 22 BBY, this would be 13 years after the Great Resynchronization, making it year 13 in the Great Resynchronization calendar.<\/p><p>The Clone Wars lasted from 22 BBY (Before the Battle of Yavin) to 19 BBY, spanning roughly three years in the Star Wars galaxy. This conflict saw the Galactic Republic, aided by the Jedi Order, fighting against the Separatist Alliance, led by Count Dooku and his droid armies.<\/p><p>This would make it GR 13 to GR 16.<\/p><div class=\"w-full text-token-text-primary\" style=\"border-color:rgb(227,227,227);width:1244px;\"><div class=\"px-4 py-2 justify-center text-base md:gap-6 m-auto\" style=\"border-color:rgb(227,227,227);margin:auto;\"><div class=\"flex flex-1 text-base mx-auto gap-3 md:px-5 lg:px-1 xl:px-5 md:max-w-3xl lg:max-w-[40rem] xl:max-w-[48rem] group\" style=\"border-color:rgb(227,227,227);max-width:48rem;padding-left:1.25rem;\"><div class=\"relative flex w-full flex-col agent-turn\" style=\"border-color:rgb(227,227,227);width:692px;\"><div class=\"flex-col gap-1 md:gap-3\" style=\"border-color:rgb(227,227,227);\"><div class=\"mt-1 flex justify-start gap-3 empty:hidden\" style=\"border-color:rgb(227,227,227);\"><div class=\"text-gray-400 flex self-end lg:self-center items-center justify-center lg:justify-start mt-0 -ml-1 h-7 gap-[2px] visible\" style=\"border-color:rgb(227,227,227);margin-left:-0.25rem;\"><span style=\"border-color:rgb(227,227,227);\"><\/span><span style=\"border-color:rgb(227,227,227);\"><\/span><div class=\"flex\" style=\"border-color:rgb(227,227,227);\"><span style=\"border-color:rgb(227,227,227);\"><\/span><\/div><\/div><\/div><div class=\"pr-2 lg:pr-0\" style=\"border-color:rgb(227,227,227);\"><\/div><\/div><div class=\"absolute\" style=\"border-color:rgb(227,227,227);width:432px;height:20px;\"><span style=\"border-color:rgb(227,227,227);\"><\/span><div class=\"flex w-full gap-2 items-center justify-center\" style=\"border-color:rgb(227,227,227);width:18px;\"><\/div><\/div><\/div><\/div><\/div><\/div><div class=\"w-full text-token-text-primary\" style=\"border-color:rgb(227,227,227);width:1244px;\"><div class=\"px-4 py-2 justify-center text-base md:gap-6 m-auto\" style=\"border-color:rgb(227,227,227);margin:auto;\"><div class=\"flex flex-1 text-base mx-auto gap-3 md:px-5 lg:px-1 xl:px-5 md:max-w-3xl lg:max-w-[40rem] xl:max-w-[48rem] group\" style=\"border-color:rgb(227,227,227);max-width:48rem;padding-left:1.25rem;\"><div class=\"flex-shrink-0 flex flex-col relative items-end\" style=\"border-color:rgb(227,227,227);\"><div style=\"border-color:rgb(227,227,227);\"><div class=\"pt-0.5\" style=\"border-color:rgb(227,227,227);\"><div class=\"gizmo-shadow-stroke flex h-6 w-6 items-center justify-center overflow-hidden rounded-full\" style=\"border-color:rgb(227,227,227);\"><\/div><\/div><\/div><\/div><\/div><\/div><\/div>","is_private":0,"parameters":{"layout":null},"months":"[{\"name\":\"Firstmonth\",\"length\":28,\"type\":\"standard\",\"alias\":\"Banthaar\"},{\"name\":\"Secondmonth\",\"length\":28,\"type\":\"standard\",\"alias\":\"Corusca\"},{\"name\":\"Thirdmonth\",\"length\":28,\"type\":\"standard\",\"alias\":\"Alderaa\"},{\"name\":\"Fourthmonth\",\"length\":28,\"type\":\"standard\",\"alias\":\"Hothma\"},{\"name\":\"Fifthmonth\",\"length\":28,\"type\":\"standard\",\"alias\":\"Endora\"},{\"name\":\"Sixthmonth\",\"length\":28,\"type\":\"standard\",\"alias\":\"Bespinar\"},{\"name\":\"Seventhmonth\",\"length\":28,\"type\":\"standard\",\"alias\":\"Rylotha\"},{\"name\":\"Eightmonth\",\"length\":28,\"type\":\"standard\",\"alias\":\"Yavinar\"},{\"name\":\"Ninethmonth\",\"length\":28,\"type\":\"standard\",\"alias\":\"Mandalorei\"},{\"name\":\"Tenthmonth\",\"length\":28,\"type\":\"standard\",\"alias\":\"Dathomira\"},{\"name\":\"Eleventhmonth\",\"length\":28,\"type\":\"standard\",\"alias\":\"Feluciaar\"},{\"name\":\"Twelfthmonth\",\"length\":28,\"type\":\"standard\",\"alias\":\"Kashyyka\"}]","weekdays":"[\"Firstday\",\"Seconday\",\"Thirday\",\"Fourthday\",\"Fifthday\",\"Sixthday\",\"Seventhday\"]","years":"[]","seasons":"[]","date":"13-1-1","suffix":null,"has_leap_year":0,"leap_year_amount":null,"leap_year_month":1,"leap_year_offset":null,"leap_year_start":null,"created_at":"2024-01-22T05:59:15.000000Z","updated_at":"2024-03-16T21:49:57.000000Z","epochs":null,"moons":"[]","start_offset":0,"month_aliases":null,"week_names":"[]","reset":null,"is_incrementing":0,"deleted_at":null,"calendar_id":null,"skip_year_zero":0,"format":null,"show_birthdays":0,"entity":{"id":5668787,"entity_id":21933,"type_id":8,"name":"Great Resynchronization","is_private":0,"tooltip":null,"is_template":null,"is_attributes_private":0,"focus_x":null,"focus_y":null,"created_at":"2024-01-22T05:59:15.000000Z","updated_at":"2024-01-22T05:59:15.000000Z","created_by":115714,"updated_by":null,"image_path":null,"image_uuid":null,"header_image":null,"header_uuid":null,"marketplace_uuid":null},"calendar_weather":[],"calendarWeather":[]}