{"id":21933,"campaign_id":233607,"name":"Great Resynchronization","slug":"greatresynchronization","type":null,"entry":"","is_private":0,"parameters":{"layout":null},"months":"[{\"name\":\"Firstmonth\",\"length\":28,\"type\":\"standard\",\"alias\":\"Banthaar\"},{\"name\":\"Secondmonth\",\"length\":28,\"type\":\"standard\",\"alias\":\"Corusca\"},{\"name\":\"Thirdmonth\",\"length\":28,\"type\":\"standard\",\"alias\":\"Alderaa\"},{\"name\":\"Fourthmonth\",\"length\":28,\"type\":\"standard\",\"alias\":\"Hothma\"},{\"name\":\"Fifthmonth\",\"length\":28,\"type\":\"standard\",\"alias\":\"Endora\"},{\"name\":\"Sixthmonth\",\"length\":28,\"type\":\"standard\",\"alias\":\"Bespinar\"},{\"name\":\"Seventhmonth\",\"length\":28,\"type\":\"standard\",\"alias\":\"Rylotha\"},{\"name\":\"Eightmonth\",\"length\":28,\"type\":\"standard\",\"alias\":\"Yavinar\"},{\"name\":\"Ninethmonth\",\"length\":28,\"type\":\"standard\",\"alias\":\"Mandalorei\"},{\"name\":\"Tenthmonth\",\"length\":28,\"type\":\"standard\",\"alias\":\"Dathomira\"},{\"name\":\"Eleventhmonth\",\"length\":28,\"type\":\"standard\",\"alias\":\"Feluciaar\"},{\"name\":\"Twelfthmonth\",\"length\":28,\"type\":\"standard\",\"alias\":\"Kashyyka\"}]","weekdays":"[\"Firstday\",\"Seconday\",\"Thirday\",\"Fourthday\",\"Fifthday\",\"Sixthday\",\"Seventhday\"]","years":"[]","seasons":"[]","date":"13-1-1","suffix":null,"has_leap_year":0,"leap_year_amount":null,"leap_year_month":1,"leap_year_offset":null,"leap_year_start":null,"created_at":"2024-01-22T05:59:15.000000Z","updated_at":"2024-01-22T06:01:25.000000Z","epochs":null,"moons":"[]","start_offset":0,"month_aliases":null,"week_names":"[]","reset":null,"is_incrementing":0,"deleted_at":null,"calendar_id":null,"skip_year_zero":0,"format":null,"show_birthdays":0,"entity":{"id":5668787,"entity_id":21933,"type_id":8,"name":"Great Resynchronization","is_private":0,"tooltip":null,"is_template":null,"is_attributes_private":0,"focus_x":null,"focus_y":null,"created_at":"2024-01-22T05:59:15.000000Z","updated_at":"2024-01-22T05:59:15.000000Z","created_by":115714,"updated_by":null,"image_path":null,"image_uuid":null,"header_image":null,"header_uuid":null,"marketplace_uuid":null},"calendar_weather":[],"calendarWeather":[]}