{"id":1337152,"name":"Aldair's Dune Compound","type":"Compound","entry":"","created_at":"2024-03-16T22:04:44.000000Z","updated_at":"2024-03-16T22:04:44.000000Z","is_private":0,"is_destroyed":0,"location_id":1337150,"entity":{"id":5915856,"entity_id":1337152,"type_id":3,"name":"Aldair's Dune Compound","is_private":0,"tooltip":null,"is_template":null,"is_attributes_private":0,"focus_x":null,"focus_y":null,"created_at":"2024-03-16T22:04:44.000000Z","updated_at":"2024-03-16T22:04:44.000000Z","created_by":115714,"updated_by":null,"image_path":null,"image_uuid":null,"header_image":null,"header_uuid":null,"marketplace_uuid":null}}