{"id":1421738,"name":"Corellia","type":null,"entry":null,"created_at":"2024-06-13T21:33:03.000000Z","updated_at":"2024-06-13T21:33:03.000000Z","is_private":0,"is_destroyed":0,"location_id":null,"entity":{"id":6318735,"entity_id":1421738,"type_id":3,"name":"Corellia","is_private":0,"tooltip":null,"is_template":null,"is_attributes_private":0,"focus_x":null,"focus_y":null,"created_at":"2024-06-13T21:33:03.000000Z","updated_at":"2024-06-13T21:33:03.000000Z","created_by":115714,"updated_by":null,"image_path":null,"image_uuid":null,"header_image":null,"header_uuid":null,"marketplace_uuid":null}}