{"id":1374381,"name":"Dantooine","type":null,"entry":null,"created_at":"2024-04-27T20:39:47.000000Z","updated_at":"2024-04-27T20:39:47.000000Z","is_private":0,"location_id":null,"entity":{"id":6102651,"entity_id":1374381,"type_id":3,"name":"Dantooine","is_private":0,"tooltip":null,"is_template":null,"is_attributes_private":0,"focus_x":null,"focus_y":null,"created_at":"2024-04-27T20:39:47.000000Z","updated_at":"2024-04-27T20:39:47.000000Z","created_by":115714,"updated_by":null,"image_path":null,"image_uuid":null,"header_image":null,"header_uuid":null,"marketplace_uuid":null}}