{"id":1284886,"name":"General Store","type":"Store","entry":"<p>Run by [character:5658547] and his wife [character:5658548]<\/p><p><span style=\"color:rgb(0,0,0);font-family:Verdana;font-size:8px;\">Despite their fearsome<\/span><br><\/p><p class=\"p1\" style=\"font-size:8px;font-family:Verdana;color:rgb(0,0,0);\">appearance, both Tar and Kal are friendly and helpful.<\/p><p class=\"p1\" style=\"font-size:8px;font-family:Verdana;color:rgb(0,0,0);\">Their store carries provisions, supplies, and some<\/p><p class=\"p1\" style=\"font-size:8px;font-family:Verdana;color:rgb(0,0,0);\">machinery. They don't know anyone who matches\u00a0<span>Tallon's description, but few settlers ever travel all the<\/span><\/p><p class=\"p1\" style=\"font-size:8px;font-family:Verdana;color:rgb(0,0,0);\">way to Mos Eisley for the items they carry. Most of their<\/p><p class=\"p1\" style=\"font-size:8px;font-family:Verdana;color:rgb(0,0,0);\">dealings are with space travelers.<\/p><p class=\"p1\" style=\"font-size:8px;font-family:Verdana;color:rgb(0,0,0);\">Many settlers do come into the city for weapons and<\/p><p class=\"p1\" style=\"font-size:8px;font-family:Verdana;color:rgb(0,0,0);\">landspeeders, however. Tar directs sociable PCs to those<\/p><p class=\"p1\" style=\"font-size:8px;font-family:Verdana;color:rgb(0,0,0);\">stores. He comments on the unusually high number of<\/p><p class=\"p1\" style=\"font-size:8px;font-family:Verdana;color:rgb(0,0,0);\">visitors for this time of year, eager to find out why the<\/p><p class=\"p1\" style=\"font-size:8px;font-family:Verdana;color:rgb(0,0,0);\">Rebels are on Tatooine. PCs can buy supplies here if they<\/p><p class=\"p1\" style=\"font-size:8px;font-family:Verdana;color:rgb(0,0,0);\">wish, including medpacs. Tar has three of these highly-<\/p><p class=\"p1\" style=\"font-size:8px;font-family:Verdana;color:rgb(0,0,0);\">sought items left, and he is only charging 200 credits for<\/p><p class=\"p1\" style=\"font-size:8px;font-family:Verdana;color:rgb(0,0,0);\">each. He's also pushing a miniature vaporator\/water<\/p><p class=\"p1\" style=\"font-size:8px;font-family:Verdana;color:rgb(0,0,0);\">convertor. It only costs 2,000 credits and it actually<\/p><p class=\"p1\" style=\"font-size:8px;font-family:Verdana;color:rgb(0,0,0);\">works.<\/p><p class=\"p1\" style=\"font-size:8px;font-family:Verdana;color:rgb(0,0,0);\">Before this encounter ends, Akkik and Gorrt (see<\/p><p class=\"p1\" style=\"font-size:8px;font-family:Verdana;color:rgb(0,0,0);\">pullout) arrive to collect Jabba's portion of this week's<\/p><p class=\"p1\" style=\"font-size:8px;font-family:Verdana;color:rgb(0,0,0);\">sales. They dump a few shelves, break some<\/p><p class=\"p1\" style=\"font-size:8px;font-family:Verdana;color:rgb(0,0,0);\">merchandise, and threaten loudly. Tar quickly moves to<\/p><p class=\"p1\" style=\"font-size:8px;font-family:Verdana;color:rgb(0,0,0);\">get them the credits. If the PCs go to Tar's defense, the<\/p><p class=\"p1\" style=\"font-size:8px;font-family:Verdana;color:rgb(0,0,0);\">wolf-alien thanks them but begs they stay out of it. Then<\/p><p class=\"p1\" style=\"font-size:8px;font-family:Verdana;color:rgb(0,0,0);\">he pays Akkik. If the Rebels press to stop Jabba's goons,<\/p><p class=\"p1\" style=\"font-size:8px;font-family:Verdana;color:rgb(0,0,0);\">Akkik and Gorrt back down and leave, but not before<\/p><p class=\"p1\" style=\"font-size:8px;font-family:Verdana;color:rgb(0,0,0);\">assuring the storekeepers that they'll be back.<\/p>","created_at":"2024-01-20T06:40:50.000000Z","updated_at":"2024-01-20T06:40:50.000000Z","is_private":0,"is_destroyed":0,"location_id":1284877,"entity":{"id":5658549,"entity_id":1284886,"type_id":3,"name":"General Store","is_private":0,"tooltip":null,"is_template":null,"is_attributes_private":0,"focus_x":null,"focus_y":null,"created_at":"2024-01-20T06:40:50.000000Z","updated_at":"2024-01-20T06:40:50.000000Z","created_by":115714,"updated_by":null,"image_path":null,"image_uuid":null,"header_image":null,"header_uuid":null,"marketplace_uuid":null,"mentions":[{"entity_id":5658549,"campaign_id":null,"post_id":null,"timeline_element_id":null,"quest_element_id":null,"target_id":5658547},{"entity_id":5658549,"campaign_id":null,"post_id":null,"timeline_element_id":null,"quest_element_id":null,"target_id":5658548}]}}