{"id":1337163,"name":"Jabba's Palace","type":"Compound","entry":"","created_at":"2024-03-16T22:25:31.000000Z","updated_at":"2024-03-16T22:25:31.000000Z","is_private":0,"is_destroyed":0,"location_id":1337150,"entity":{"id":5915915,"entity_id":1337163,"type_id":3,"name":"Jabba's Palace","is_private":0,"tooltip":null,"is_template":null,"is_attributes_private":0,"focus_x":null,"focus_y":null,"created_at":"2024-03-16T22:25:31.000000Z","updated_at":"2024-03-16T22:25:31.000000Z","created_by":115714,"updated_by":null,"image_path":null,"image_uuid":null,"header_image":null,"header_uuid":null,"marketplace_uuid":null}}