{"id":1284889,"name":"Jabba's Town House","type":"Estate","entry":"","created_at":"2024-01-20T06:42:10.000000Z","updated_at":"2024-01-20T06:42:10.000000Z","is_private":0,"location_id":1284877,"entity":{"id":5658555,"entity_id":1284889,"type_id":3,"name":"Jabba's Town House","is_private":0,"tooltip":null,"is_template":null,"is_attributes_private":0,"focus_x":null,"focus_y":null,"created_at":"2024-01-20T06:42:10.000000Z","updated_at":"2024-01-20T06:42:10.000000Z","created_by":115714,"updated_by":null,"image_path":null,"image_uuid":null,"header_image":null,"header_uuid":null,"marketplace_uuid":null}}