{"id":1284885,"name":"Mos Eisley Cantina","type":"Cantina","entry":"","created_at":"2024-01-20T06:39:19.000000Z","updated_at":"2024-01-20T06:39:19.000000Z","is_private":0,"is_destroyed":0,"location_id":1284877,"entity":{"id":5658546,"entity_id":1284885,"type_id":3,"name":"Mos Eisley Cantina","is_private":0,"tooltip":null,"is_template":null,"is_attributes_private":0,"focus_x":null,"focus_y":null,"created_at":"2024-01-20T06:39:19.000000Z","updated_at":"2024-01-20T06:39:19.000000Z","created_by":115714,"updated_by":null,"image_path":null,"image_uuid":null,"header_image":null,"header_uuid":null,"marketplace_uuid":null}}