{"id":1337156,"name":"Nal Hutta","type":"Planet","entry":null,"created_at":"2024-03-16T22:09:54.000000Z","updated_at":"2024-03-16T22:09:54.000000Z","is_private":0,"location_id":null,"entity":{"id":5915882,"entity_id":1337156,"type_id":3,"name":"Nal Hutta","is_private":0,"tooltip":null,"is_template":null,"is_attributes_private":0,"focus_x":null,"focus_y":null,"created_at":"2024-03-16T22:09:54.000000Z","updated_at":"2024-03-16T22:09:54.000000Z","created_by":115714,"updated_by":null,"image_path":null,"image_uuid":null,"header_image":null,"header_uuid":null,"marketplace_uuid":null}}