{"id":1373557,"name":"Nar Shaddaa","type":null,"entry":null,"created_at":"2024-04-26T18:53:12.000000Z","updated_at":"2024-04-26T18:53:12.000000Z","is_private":0,"is_destroyed":0,"location_id":null,"entity":{"id":6098897,"entity_id":1373557,"type_id":3,"name":"Nar Shaddaa","is_private":0,"tooltip":null,"is_template":null,"is_attributes_private":0,"focus_x":null,"focus_y":null,"created_at":"2024-04-26T18:53:12.000000Z","updated_at":"2024-04-26T18:53:12.000000Z","created_by":115714,"updated_by":null,"image_path":null,"image_uuid":null,"header_image":null,"header_uuid":null,"marketplace_uuid":null}}