{"id":1284887,"name":"Power Station","type":null,"entry":"<p class=\"p1\" style=\"font-size:8px;font-family:Verdana;color:rgb(0,0,0);\">This station provides power for speeders and other<\/p><p class=\"p1\" style=\"font-size:8px;font-family:Verdana;color:rgb(0,0,0);\">repulsorlift vehicles. A large, square labor Droid, named<\/p><p class=\"p1\" style=\"font-size:8px;font-family:Verdana;color:rgb(0,0,0);\">4-LB, operates the station. Four-el has information about<\/p><p class=\"p1\" style=\"font-size:8px;font-family:Verdana;color:rgb(0,0,0);\">someone matching Tallon's description. He lives out on<\/p><p class=\"p1\" style=\"font-size:8px;font-family:Verdana;color:rgb(0,0,0);\">the old Lank settlement and comes by twice a month. But<\/p><p class=\"p1\" style=\"font-size:8px;font-family:Verdana;color:rgb(0,0,0);\">Four-el has confused Bels Lank with Tallon.<\/p><p class=\"p1\" style=\"font-size:8px;font-family:Verdana;color:rgb(0,0,0);\">While the PCs talk with Four-el, the assassin Droid IG-<\/p><p class=\"p1\" style=\"font-size:8px;font-family:Verdana;color:rgb(0,0,0);\">72 plugs into the station to power up. The Droid ignores<\/p><p class=\"p1\" style=\"font-size:8px;font-family:Verdana;color:rgb(0,0,0);\">them and seems totally uninterested in their discussion.<\/p><p class=\"p1\" style=\"font-size:8px;font-family:Verdana;color:rgb(0,0,0);\">Once the PCs leave, the assassin Droid trashes Four-el<\/p><p class=\"p1\" style=\"font-size:8px;font-family:Verdana;color:rgb(0,0,0);\">and the station. Then it heads out toward the Lank<\/p><p class=\"p1\" style=\"font-size:8px;font-family:Verdana;color:rgb(0,0,0);\">farmstead to finish its mission. See the pullout for IG-<\/p><p class=\"p1\" style=\"font-size:8px;font-family:Verdana;color:rgb(0,0,0);\">72's statistics.<\/p>","created_at":"2024-01-20T06:41:43.000000Z","updated_at":"2024-01-20T06:41:43.000000Z","is_private":0,"is_destroyed":0,"location_id":1284877,"entity":{"id":5658553,"entity_id":1284887,"type_id":3,"name":"Power Station","is_private":0,"tooltip":null,"is_template":null,"is_attributes_private":0,"focus_x":null,"focus_y":null,"created_at":"2024-01-20T06:41:43.000000Z","updated_at":"2024-01-20T06:41:43.000000Z","created_by":115714,"updated_by":null,"image_path":null,"image_uuid":null,"header_image":null,"header_uuid":null,"marketplace_uuid":null}}