{"id":1284894,"name":"Souvenir Shop","type":"Shop","entry":"<p>Run by [character:5658564]<\/p>","created_at":"2024-01-20T06:44:11.000000Z","updated_at":"2024-01-20T06:44:11.000000Z","is_private":0,"is_destroyed":0,"location_id":1284877,"entity":{"id":5658565,"entity_id":1284894,"type_id":3,"name":"Souvenir Shop","is_private":0,"tooltip":null,"is_template":null,"is_attributes_private":0,"focus_x":null,"focus_y":null,"created_at":"2024-01-20T06:44:11.000000Z","updated_at":"2024-01-20T06:44:11.000000Z","created_by":115714,"updated_by":null,"image_path":null,"image_uuid":null,"header_image":null,"header_uuid":null,"marketplace_uuid":null,"mentions":[{"entity_id":5658565,"campaign_id":null,"post_id":null,"timeline_element_id":null,"quest_element_id":null,"target_id":5658564}]}}