{"id":1337150,"name":"The Dune Sea","type":"Region","entry":"","created_at":"2024-03-16T22:04:21.000000Z","updated_at":"2024-03-16T22:04:21.000000Z","is_private":0,"is_destroyed":0,"location_id":1284876,"entity":{"id":5915854,"entity_id":1337150,"type_id":3,"name":"The Dune Sea","is_private":0,"tooltip":null,"is_template":null,"is_attributes_private":0,"focus_x":null,"focus_y":null,"created_at":"2024-03-16T22:04:21.000000Z","updated_at":"2024-03-16T22:04:21.000000Z","created_by":115714,"updated_by":null,"image_path":null,"image_uuid":null,"header_image":null,"header_uuid":null,"marketplace_uuid":null}}