{"id":1314544,"name":"Vikra's Vanguard &amp; Repair","type":"Shop","entry":"","created_at":"2024-02-21T23:31:29.000000Z","updated_at":"2024-02-21T23:32:14.000000Z","is_private":0,"is_destroyed":0,"location_id":1284877,"entity":{"id":5814093,"entity_id":1314544,"type_id":3,"name":"Vikra's Vanguard &amp; Repair","is_private":0,"tooltip":null,"is_template":null,"is_attributes_private":0,"focus_x":null,"focus_y":null,"created_at":"2024-02-21T23:31:29.000000Z","updated_at":"2024-02-21T23:32:14.000000Z","created_by":115714,"updated_by":115714,"image_path":null,"image_uuid":null,"header_image":null,"header_uuid":null,"marketplace_uuid":null}}