{"id":1284890,"name":"Weapon Shop","type":"Shop","entry":"<p>Run by [character:5658556]<\/p><p><br><\/p><p class=\"p1\" style=\"font-size:8px;font-family:Verdana;color:rgb(0,0,0);\">Kayson's Weapon Shop sells personal weapons, both<\/p><p class=\"p1\" style=\"font-size:8px;font-family:Verdana;color:rgb(0,0,0);\">ranged and melee. Kayson has lots of standard items,<\/p><p class=\"p1\" style=\"font-size:8px;font-family:Verdana;color:rgb(0,0,0);\">including non-powered clubs, swords, and gaffi sticks,<\/p><p class=\"p1\" style=\"font-size:8px;font-family:Verdana;color:rgb(0,0,0);\">and powered weapons like blasters. No explosives are<\/p><p class=\"p1\" style=\"font-size:8px;font-family:Verdana;color:rgb(0,0,0);\">available, though, and no heavy weapons (Puggles<\/p><p class=\"p1\" style=\"font-size:8px;font-family:Verdana;color:rgb(0,0,0);\">bought up all the detonite Kayson had on hand). All<\/p><p class=\"p1\" style=\"font-size:8px;font-family:Verdana;color:rgb(0,0,0);\">prices are doubled due to the heavy demand the bounty<\/p><p class=\"p1\" style=\"font-size:8px;font-family:Verdana;color:rgb(0,0,0);\">hunters have created.<\/p>","created_at":"2024-01-20T06:42:50.000000Z","updated_at":"2024-01-20T06:42:50.000000Z","is_private":0,"location_id":1284877,"entity":{"id":5658557,"entity_id":1284890,"type_id":3,"name":"Weapon Shop","is_private":0,"tooltip":null,"is_template":null,"is_attributes_private":0,"focus_x":null,"focus_y":null,"created_at":"2024-01-20T06:42:50.000000Z","updated_at":"2024-01-20T06:42:50.000000Z","created_by":115714,"updated_by":null,"image_path":null,"image_uuid":null,"header_image":null,"header_uuid":null,"marketplace_uuid":null,"mentions":[{"entity_id":5658557,"campaign_id":null,"post_id":null,"timeline_element_id":null,"quest_element_id":null,"target_id":5658556}]}}